-- MySQL dump 10.13  Distrib 8.0.30, for Win64 (x86_64)
--
-- Host: localhost    Database: shop
-- ------------------------------------------------------
-- Server version	8.0.30

/*!40101 SET @OLD_CHARACTER_SET_CLIENT=@@CHARACTER_SET_CLIENT */;
/*!40101 SET @OLD_CHARACTER_SET_RESULTS=@@CHARACTER_SET_RESULTS */;
/*!40101 SET @OLD_COLLATION_CONNECTION=@@COLLATION_CONNECTION */;
/*!50503 SET NAMES utf8mb4 */;
/*!40103 SET @OLD_TIME_ZONE=@@TIME_ZONE */;
/*!40103 SET TIME_ZONE='+00:00' */;
/*!40014 SET @OLD_UNIQUE_CHECKS=@@UNIQUE_CHECKS, UNIQUE_CHECKS=0 */;
/*!40014 SET @OLD_FOREIGN_KEY_CHECKS=@@FOREIGN_KEY_CHECKS, FOREIGN_KEY_CHECKS=0 */;
/*!40101 SET @OLD_SQL_MODE=@@SQL_MODE, SQL_MODE='NO_AUTO_VALUE_ON_ZERO' */;
/*!40111 SET @OLD_SQL_NOTES=@@SQL_NOTES, SQL_NOTES=0 */;

--
-- Table structure for table `cat`
--

DROP TABLE IF EXISTS `cat`;
/*!40101 SET @saved_cs_client     = @@character_set_client */;
/*!50503 SET character_set_client = utf8mb4 */;
CREATE TABLE `cat` (
  `id` bigint unsigned NOT NULL AUTO_INCREMENT,
  `name` varchar(255) DEFAULT NULL,
  PRIMARY KEY (`id`),
  UNIQUE KEY `id` (`id`)
) ENGINE=InnoDB AUTO_INCREMENT=4 DEFAULT CHARSET=utf8mb4 COLLATE=utf8mb4_0900_ai_ci;
/*!40101 SET character_set_client = @saved_cs_client */;

--
-- Dumping data for table `cat`
--

LOCK TABLES `cat` WRITE;
/*!40000 ALTER TABLE `cat` DISABLE KEYS */;
INSERT INTO `cat` VALUES (1,'Процессоры'),(2,'Мат.платы'),(3,'Видеокарты');
/*!40000 ALTER TABLE `cat` ENABLE KEYS */;
UNLOCK TABLES;

--
-- Table structure for table `catalogs`
--

DROP TABLE IF EXISTS `catalogs`;
/*!40101 SET @saved_cs_client     = @@character_set_client */;
/*!50503 SET character_set_client = utf8mb4 */;
CREATE TABLE `catalogs` (
  `id` bigint unsigned NOT NULL AUTO_INCREMENT,
  `name` varchar(255) DEFAULT NULL COMMENT 'Название раздела',
  PRIMARY KEY (`id`),
  UNIQUE KEY `id` (`id`),
  UNIQUE KEY `unique_name` (`name`(10))
) ENGINE=InnoDB AUTO_INCREMENT=6 DEFAULT CHARSET=utf8mb4 COLLATE=utf8mb4_0900_ai_ci COMMENT='Разделы интернет-магазина';
/*!40101 SET character_set_client = @saved_cs_client */;

--
-- Dumping data for table `catalogs`
--

LOCK TABLES `catalogs` WRITE;
/*!40000 ALTER TABLE `catalogs` DISABLE KEYS */;
INSERT INTO `catalogs` VALUES (1,'Процессоры'),(2,'Материнские платы'),(3,'Видеокарты'),(4,'Жесткие диски'),(5,'Оперативная память');
/*!40000 ALTER TABLE `catalogs` ENABLE KEYS */;
UNLOCK TABLES;

--
-- Table structure for table `discounts`
--

DROP TABLE IF EXISTS `discounts`;
/*!40101 SET @saved_cs_client     = @@character_set_client */;
/*!50503 SET character_set_client = utf8mb4 */;
CREATE TABLE `discounts` (
  `id` bigint unsigned NOT NULL AUTO_INCREMENT,
  `user_id` int unsigned DEFAULT NULL,
  `product_id` int unsigned DEFAULT NULL,
  `discount` float unsigned DEFAULT NULL COMMENT 'Величина скидки от 0.0 до 1.0',
  `started_at` datetime DEFAULT NULL,
  `finished_at` datetime DEFAULT NULL,
  `created_at` datetime DEFAULT CURRENT_TIMESTAMP,
  `updated_at` datetime DEFAULT CURRENT_TIMESTAMP ON UPDATE CURRENT_TIMESTAMP,
  PRIMARY KEY (`id`),
  UNIQUE KEY `id` (`id`),
  KEY `index_of_user_id` (`user_id`),
  KEY `index_of_product_id` (`product_id`)
) ENGINE=InnoDB DEFAULT CHARSET=utf8mb4 COLLATE=utf8mb4_0900_ai_ci COMMENT='Скидки';
/*!40101 SET character_set_client = @saved_cs_client */;

--
-- Dumping data for table `discounts`
--

LOCK TABLES `discounts` WRITE;
/*!40000 ALTER TABLE `discounts` DISABLE KEYS */;
/*!40000 ALTER TABLE `discounts` ENABLE KEYS */;
UNLOCK TABLES;

--
-- Table structure for table `orders`
--

DROP TABLE IF EXISTS `orders`;
/*!40101 SET @saved_cs_client     = @@character_set_client */;
/*!50503 SET character_set_client = utf8mb4 */;
CREATE TABLE `orders` (
  `id` bigint unsigned NOT NULL AUTO_INCREMENT,
  `user_id` int unsigned DEFAULT NULL,
  `created_at` datetime DEFAULT CURRENT_TIMESTAMP,
  `updated_at` datetime DEFAULT CURRENT_TIMESTAMP ON UPDATE CURRENT_TIMESTAMP,
  PRIMARY KEY (`id`),
  UNIQUE KEY `id` (`id`),
  KEY `index_of_user_id` (`user_id`)
) ENGINE=InnoDB AUTO_INCREMENT=4 DEFAULT CHARSET=utf8mb4 COLLATE=utf8mb4_0900_ai_ci COMMENT='Заказы';
/*!40101 SET character_set_client = @saved_cs_client */;

--
-- Dumping data for table `orders`
--

LOCK TABLES `orders` WRITE;
/*!40000 ALTER TABLE `orders` DISABLE KEYS */;
INSERT INTO `orders` VALUES (1,1,'2022-09-13 22:40:09','2022-09-13 22:40:09'),(2,4,'2022-09-13 22:40:09','2022-09-13 22:40:09');
/*!40000 ALTER TABLE `orders` ENABLE KEYS */;
UNLOCK TABLES;

--
-- Table structure for table `orders_products`
--

DROP TABLE IF EXISTS `orders_products`;
/*!40101 SET @saved_cs_client     = @@character_set_client */;
/*!50503 SET character_set_client = utf8mb4 */;
CREATE TABLE `orders_products` (
  `id` bigint unsigned NOT NULL AUTO_INCREMENT,
  `order_id` int unsigned DEFAULT NULL,
  `product_id` int unsigned DEFAULT NULL,
  `total` int unsigned DEFAULT '1' COMMENT 'Количество заказанных товарных позиций',
  `created_at` datetime DEFAULT CURRENT_TIMESTAMP,
  `updated_at` datetime DEFAULT CURRENT_TIMESTAMP ON UPDATE CURRENT_TIMESTAMP,
  PRIMARY KEY (`id`),
  UNIQUE KEY `id` (`id`)
) ENGINE=InnoDB DEFAULT CHARSET=utf8mb4 COLLATE=utf8mb4_0900_ai_ci COMMENT='Состав заказа';
/*!40101 SET character_set_client = @saved_cs_client */;

--
-- Dumping data for table `orders_products`
--

LOCK TABLES `orders_products` WRITE;
/*!40000 ALTER TABLE `orders_products` DISABLE KEYS */;
/*!40000 ALTER TABLE `orders_products` ENABLE KEYS */;
UNLOCK TABLES;

--
-- Table structure for table `products`
--

DROP TABLE IF EXISTS `products`;
/*!40101 SET @saved_cs_client     = @@character_set_client */;
/*!50503 SET character_set_client = utf8mb4 */;
CREATE TABLE `products` (
  `id` bigint unsigned NOT NULL AUTO_INCREMENT,
  `name` varchar(255) DEFAULT NULL COMMENT 'Название',
  `description` text COMMENT 'Описание',
  `price` decimal(11,2) DEFAULT NULL COMMENT 'Цена',
  `catalog_id` int unsigned DEFAULT NULL,
  `created_at` datetime DEFAULT CURRENT_TIMESTAMP,
  `updated_at` datetime DEFAULT CURRENT_TIMESTAMP ON UPDATE CURRENT_TIMESTAMP,
  PRIMARY KEY (`id`),
  UNIQUE KEY `id` (`id`),
  KEY `index_of_catalog_id` (`catalog_id`)
) ENGINE=InnoDB AUTO_INCREMENT=8 DEFAULT CHARSET=utf8mb4 COLLATE=utf8mb4_0900_ai_ci COMMENT='Товарные позиции';
/*!40101 SET character_set_client = @saved_cs_client */;

--
-- Dumping data for table `products`
--

LOCK TABLES `products` WRITE;
/*!40000 ALTER TABLE `products` DISABLE KEYS */;
INSERT INTO `products` VALUES (1,'Intel Core i3-8100','Процессор для настольных персональных компьютеров, основанных на платформе Intel.',7890.00,1,'2022-09-06 12:35:41','2022-09-06 12:35:41'),(2,'Intel Core i5-7400','Процессор для настольных персональных компьютеров, основанных на платформе Intel.',12700.00,1,'2022-09-06 12:35:41','2022-09-06 12:35:41'),(3,'AMD FX-8320E','Процессор для настольных персональных компьютеров, основанных на платформе AMD.',4780.00,1,'2022-09-06 12:35:41','2022-09-06 12:35:41'),(4,'AMD FX-8320','Процессор для настольных персональных компьютеров, основанных на платформе AMD.',7120.00,1,'2022-09-06 12:35:41','2022-09-06 12:35:41'),(5,'ASUS ROG MAXIMUS X HERO','Материнская плата ASUS ROG MAXIMUS X HERO, Z370, Socket 1151-V2, DDR4, ATX',19310.00,2,'2022-09-06 12:35:41','2022-09-06 12:35:41'),(6,'Gigabyte H310M S2H','Материнская плата Gigabyte H310M S2H, H310, Socket 1151-V2, DDR4, mATX',4790.00,2,'2022-09-06 12:35:41','2022-09-06 12:35:41'),(7,'MSI B250M GAMING PRO','Материнская плата MSI B250M GAMING PRO, B250, Socket 1151, DDR4, mATX',5060.00,2,'2022-09-06 12:35:41','2022-09-06 12:35:41');
/*!40000 ALTER TABLE `products` ENABLE KEYS */;
UNLOCK TABLES;

--
-- Table structure for table `storehouses`
--

DROP TABLE IF EXISTS `storehouses`;
/*!40101 SET @saved_cs_client     = @@character_set_client */;
/*!50503 SET character_set_client = utf8mb4 */;
CREATE TABLE `storehouses` (
  `id` bigint unsigned NOT NULL AUTO_INCREMENT,
  `name` varchar(255) DEFAULT NULL COMMENT 'Название',
  `created_at` datetime DEFAULT CURRENT_TIMESTAMP,
  `updated_at` datetime DEFAULT CURRENT_TIMESTAMP ON UPDATE CURRENT_TIMESTAMP,
  PRIMARY KEY (`id`),
  UNIQUE KEY `id` (`id`)
) ENGINE=InnoDB DEFAULT CHARSET=utf8mb4 COLLATE=utf8mb4_0900_ai_ci COMMENT='Склады';
/*!40101 SET character_set_client = @saved_cs_client */;

--
-- Dumping data for table `storehouses`
--

LOCK TABLES `storehouses` WRITE;
/*!40000 ALTER TABLE `storehouses` DISABLE KEYS */;
/*!40000 ALTER TABLE `storehouses` ENABLE KEYS */;
UNLOCK TABLES;

--
-- Table structure for table `storehouses_products`
--

DROP TABLE IF EXISTS `storehouses_products`;
/*!40101 SET @saved_cs_client     = @@character_set_client */;
/*!50503 SET character_set_client = utf8mb4 */;
CREATE TABLE `storehouses_products` (
  `id` bigint unsigned NOT NULL AUTO_INCREMENT,
  `storehouse_id` int unsigned DEFAULT NULL,
  `product_id` int unsigned DEFAULT NULL,
  `value` int unsigned DEFAULT NULL COMMENT 'Запас товарной позиции на складе',
  `created_at` datetime DEFAULT CURRENT_TIMESTAMP,
  `updated_at` datetime DEFAULT CURRENT_TIMESTAMP ON UPDATE CURRENT_TIMESTAMP,
  PRIMARY KEY (`id`),
  UNIQUE KEY `id` (`id`)
) ENGINE=InnoDB AUTO_INCREMENT=6 DEFAULT CHARSET=utf8mb4 COLLATE=utf8mb4_0900_ai_ci COMMENT='Запасы на складе';
/*!40101 SET character_set_client = @saved_cs_client */;

--
-- Dumping data for table `storehouses_products`
--

LOCK TABLES `storehouses_products` WRITE;
/*!40000 ALTER TABLE `storehouses_products` DISABLE KEYS */;
INSERT INTO `storehouses_products` VALUES (1,1,1,15,'2022-09-06 15:13:06','2022-09-06 15:13:06'),(2,1,3,0,'2022-09-06 15:13:06','2022-09-06 15:13:06'),(3,1,5,10,'2022-09-06 15:13:06','2022-09-06 15:13:06'),(4,1,7,5,'2022-09-06 15:13:06','2022-09-06 15:13:06'),(5,1,8,0,'2022-09-06 15:13:06','2022-09-06 15:13:06');
/*!40000 ALTER TABLE `storehouses_products` ENABLE KEYS */;
UNLOCK TABLES;

--
-- Table structure for table `tbl`
--

DROP TABLE IF EXISTS `tbl`;
/*!40101 SET @saved_cs_client     = @@character_set_client */;
/*!50503 SET character_set_client = utf8mb4 */;
CREATE TABLE `tbl` (
  `name` char(10) DEFAULT 'anonymous',
  `descriptions` varchar(255) DEFAULT NULL
) ENGINE=InnoDB DEFAULT CHARSET=utf8mb4 COLLATE=utf8mb4_0900_ai_ci;
/*!40101 SET character_set_client = @saved_cs_client */;

--
-- Dumping data for table `tbl`
--

LOCK TABLES `tbl` WRITE;
/*!40000 ALTER TABLE `tbl` DISABLE KEYS */;
INSERT INTO `tbl` VALUES ('anonymous','Новый пользователь');
/*!40000 ALTER TABLE `tbl` ENABLE KEYS */;
UNLOCK TABLES;

--
-- Table structure for table `users`
--

DROP TABLE IF EXISTS `users`;
/*!40101 SET @saved_cs_client     = @@character_set_client */;
/*!50503 SET character_set_client = utf8mb4 */;
CREATE TABLE `users` (
  `id` bigint unsigned NOT NULL AUTO_INCREMENT,
  `name` varchar(255) DEFAULT NULL COMMENT 'Имя покупателя',
  `birthday_at` date DEFAULT NULL COMMENT 'Дата рождения',
  `created_at` datetime DEFAULT NULL,
  `updated_at` datetime DEFAULT NULL,
  PRIMARY KEY (`id`),
  UNIQUE KEY `id` (`id`)
) ENGINE=InnoDB AUTO_INCREMENT=7 DEFAULT CHARSET=utf8mb4 COLLATE=utf8mb4_0900_ai_ci COMMENT='Покупатели';
/*!40101 SET character_set_client = @saved_cs_client */;

--
-- Dumping data for table `users`
--

LOCK TABLES `users` WRITE;
/*!40000 ALTER TABLE `users` DISABLE KEYS */;
INSERT INTO `users` VALUES (1,'Геннадий','1990-10-05','2022-09-06 12:53:33','2022-09-06 12:53:33'),(2,'Наталья','1984-11-12','2022-09-06 12:53:33','2022-09-06 12:53:33'),(3,'Александр','1985-05-20','2022-09-06 12:53:33','2022-09-06 12:53:33'),(4,'Сергей','1988-02-14','2022-09-06 12:53:33','2022-09-06 12:53:33'),(5,'Иван','1998-01-12','2022-09-06 12:53:33','2022-09-06 12:53:33'),(6,'Мария','1992-08-29','2022-09-06 12:53:33','2022-09-06 12:53:33');
/*!40000 ALTER TABLE `users` ENABLE KEYS */;
UNLOCK TABLES;
/*!40103 SET TIME_ZONE=@OLD_TIME_ZONE */;

/*!40101 SET SQL_MODE=@OLD_SQL_MODE */;
/*!40014 SET FOREIGN_KEY_CHECKS=@OLD_FOREIGN_KEY_CHECKS */;
/*!40014 SET UNIQUE_CHECKS=@OLD_UNIQUE_CHECKS */;
/*!40101 SET CHARACTER_SET_CLIENT=@OLD_CHARACTER_SET_CLIENT */;
/*!40101 SET CHARACTER_SET_RESULTS=@OLD_CHARACTER_SET_RESULTS */;
/*!40101 SET COLLATION_CONNECTION=@OLD_COLLATION_CONNECTION */;
/*!40111 SET SQL_NOTES=@OLD_SQL_NOTES */;

-- Dump completed on 2022-09-13 23:02:00
