-- MySQL dump 10.13  Distrib 8.0.30, for Win64 (x86_64)
--
-- Host: localhost    Database: vk
-- ------------------------------------------------------
-- Server version	8.0.30

/*!40101 SET @OLD_CHARACTER_SET_CLIENT=@@CHARACTER_SET_CLIENT */;
/*!40101 SET @OLD_CHARACTER_SET_RESULTS=@@CHARACTER_SET_RESULTS */;
/*!40101 SET @OLD_COLLATION_CONNECTION=@@COLLATION_CONNECTION */;
/*!50503 SET NAMES utf8mb4 */;
/*!40103 SET @OLD_TIME_ZONE=@@TIME_ZONE */;
/*!40103 SET TIME_ZONE='+00:00' */;
/*!40014 SET @OLD_UNIQUE_CHECKS=@@UNIQUE_CHECKS, UNIQUE_CHECKS=0 */;
/*!40014 SET @OLD_FOREIGN_KEY_CHECKS=@@FOREIGN_KEY_CHECKS, FOREIGN_KEY_CHECKS=0 */;
/*!40101 SET @OLD_SQL_MODE=@@SQL_MODE, SQL_MODE='NO_AUTO_VALUE_ON_ZERO' */;
/*!40111 SET @OLD_SQL_NOTES=@@SQL_NOTES, SQL_NOTES=0 */;

--
-- Table structure for table `communities`
--

DROP TABLE IF EXISTS `communities`;
/*!40101 SET @saved_cs_client     = @@character_set_client */;
/*!50503 SET character_set_client = utf8mb4 */;
CREATE TABLE `communities` (
  `id` int unsigned NOT NULL AUTO_INCREMENT COMMENT 'Идентификатор сроки',
  `name` varchar(150) CHARACTER SET utf8mb4 COLLATE utf8mb4_unicode_ci NOT NULL COMMENT 'Название группы',
  `created_at` datetime DEFAULT CURRENT_TIMESTAMP COMMENT 'Время создания строки',
  `updated_at` datetime DEFAULT CURRENT_TIMESTAMP ON UPDATE CURRENT_TIMESTAMP COMMENT 'Время обновления строки',
  PRIMARY KEY (`id`),
  UNIQUE KEY `name` (`name`)
) ENGINE=InnoDB AUTO_INCREMENT=101 DEFAULT CHARSET=utf8mb4 COLLATE=utf8mb4_unicode_ci COMMENT='Группы';
/*!40101 SET character_set_client = @saved_cs_client */;

--
-- Dumping data for table `communities`
--

LOCK TABLES `communities` WRITE;
/*!40000 ALTER TABLE `communities` DISABLE KEYS */;
INSERT INTO `communities` VALUES (1,'asperiores','2003-05-06 04:42:59','2006-01-26 19:24:09'),(2,'quia','2002-06-23 01:46:37','1976-10-04 01:58:07'),(3,'possimus','1990-10-07 15:58:21','2000-08-14 00:24:23'),(4,'et','1977-04-08 07:55:35','1981-01-29 17:32:24'),(5,'rerum','2015-10-20 11:39:36','1983-02-26 16:01:15'),(6,'veniam','1974-02-03 22:27:04','1995-10-25 02:39:59'),(7,'sit','1978-09-10 07:51:48','2013-05-01 22:35:21'),(8,'dolorem','1972-08-01 21:27:54','2009-08-25 00:53:15'),(9,'corporis','1982-12-17 22:03:16','2003-02-02 18:54:12'),(10,'neque','2019-03-22 02:15:21','2011-12-01 11:53:12'),(11,'culpa','2006-01-29 13:13:07','1972-11-05 20:24:06'),(12,'quam','1985-04-05 16:07:11','1974-02-27 08:24:42'),(13,'tempore','2011-01-14 18:26:22','2004-02-08 07:24:47'),(14,'ducimus','1993-06-19 12:17:10','1986-10-28 13:06:20'),(15,'sint','2018-10-09 10:32:08','1976-12-27 14:06:00'),(16,'quae','1972-05-16 06:28:10','2000-09-28 12:45:27'),(17,'sed','1981-05-13 07:37:40','1973-11-29 21:34:07'),(18,'qui','2018-03-07 23:24:54','2011-03-12 23:00:35'),(19,'voluptatem','1985-04-21 06:00:56','2010-07-21 19:41:45'),(20,'aliquid','2015-08-02 13:30:12','1996-05-22 08:33:42');
/*!40000 ALTER TABLE `communities` ENABLE KEYS */;
UNLOCK TABLES;

--
-- Table structure for table `communities_users`
--

DROP TABLE IF EXISTS `communities_users`;
/*!40101 SET @saved_cs_client     = @@character_set_client */;
/*!50503 SET character_set_client = utf8mb4 */;
CREATE TABLE `communities_users` (
  `community_id` int unsigned NOT NULL COMMENT 'Ссылка на группу',
  `user_id` int unsigned NOT NULL COMMENT 'Ссылка на пользователя',
  `created_at` datetime DEFAULT CURRENT_TIMESTAMP COMMENT 'Время создания строки',
  PRIMARY KEY (`community_id`,`user_id`) COMMENT 'Составной первичный ключ'
) ENGINE=InnoDB DEFAULT CHARSET=utf8mb4 COLLATE=utf8mb4_unicode_ci COMMENT='Участники групп, связь между пользователями и группами';
/*!40101 SET character_set_client = @saved_cs_client */;

--
-- Dumping data for table `communities_users`
--

LOCK TABLES `communities_users` WRITE;
/*!40000 ALTER TABLE `communities_users` DISABLE KEYS */;
INSERT INTO `communities_users` VALUES (1,16,'1993-03-20 01:40:05'),(1,41,'2018-01-08 20:37:13'),(1,53,'2013-12-30 13:02:13'),(1,84,'2004-02-26 00:15:22'),(1,100,'1992-01-24 11:11:06'),(2,10,'2003-09-10 13:03:12'),(2,15,'1971-03-30 07:18:52'),(2,29,'1974-12-20 09:04:42'),(2,36,'1998-06-24 02:32:33'),(2,74,'2002-06-10 05:38:10'),(2,77,'1998-10-31 17:53:01'),(2,99,'1986-10-23 05:02:58'),(3,30,'1979-10-23 18:06:46'),(3,58,'2000-01-01 04:26:37'),(3,86,'2005-09-13 14:19:53'),(3,88,'1997-09-22 13:36:40'),(3,93,'1999-04-27 10:30:35'),(3,95,'1972-01-03 19:44:17'),(4,44,'1981-02-11 13:19:38'),(4,56,'1992-10-29 20:16:46'),(5,67,'2001-12-17 13:37:38'),(5,73,'1972-12-10 05:25:46'),(5,90,'1986-03-08 09:28:25'),(5,98,'2016-04-03 13:42:38'),(6,17,'2017-02-02 10:19:21'),(6,18,'2005-05-04 15:12:43'),(6,35,'1993-02-17 07:19:10'),(6,47,'2008-01-23 02:30:27'),(6,48,'1987-11-11 07:00:41'),(6,68,'2012-02-04 05:34:35'),(6,87,'1978-11-10 05:24:19'),(7,55,'1971-01-29 17:42:37'),(7,69,'1998-03-01 13:14:08'),(7,76,'2009-05-23 11:39:01'),(8,8,'1984-03-01 21:46:30'),(8,31,'1983-05-01 10:38:08'),(8,32,'1976-08-17 04:16:08'),(8,38,'1991-08-13 22:59:31'),(8,72,'2005-10-25 08:04:56'),(8,80,'2002-07-03 21:42:10'),(9,3,'2007-02-02 03:52:42'),(9,83,'2019-01-18 23:15:46'),(10,27,'1982-08-08 15:58:26'),(10,28,'1996-05-12 14:20:00'),(10,34,'1985-02-06 12:01:16'),(10,40,'2017-12-20 15:00:02'),(10,45,'1994-08-23 17:59:40'),(10,50,'2002-11-01 12:14:21'),(10,65,'1988-04-06 23:53:41'),(11,4,'1975-07-30 01:12:53'),(11,5,'2015-04-14 12:27:53'),(11,9,'1989-04-05 06:53:07'),(11,24,'1974-02-19 04:13:38'),(11,42,'2011-12-24 07:04:53'),(11,81,'1994-11-23 14:19:27'),(12,1,'1987-04-16 14:34:39'),(12,22,'1989-09-20 06:32:37'),(12,23,'1985-07-16 20:55:04'),(12,33,'1986-01-18 21:09:06'),(12,61,'2011-09-26 04:29:46'),(12,64,'1979-09-24 09:06:13'),(12,92,'1996-03-29 23:13:02'),(13,39,'2006-04-01 14:34:25'),(13,75,'2002-11-13 07:16:32'),(13,85,'2021-04-14 20:26:39'),(15,11,'1998-02-01 01:14:10'),(15,60,'1991-09-02 02:41:26'),(15,63,'2002-07-09 04:01:56'),(15,66,'2018-05-07 21:05:50'),(16,2,'1978-12-23 07:52:38'),(16,25,'1984-02-13 15:34:03'),(16,43,'1975-03-27 13:14:21'),(16,52,'1985-04-16 17:45:34'),(16,59,'2019-05-20 22:20:13'),(16,96,'1996-03-06 13:44:18'),(17,14,'2007-04-08 05:54:20'),(17,46,'2020-08-18 06:32:02'),(17,49,'2000-12-24 12:10:24'),(17,57,'2011-07-29 21:04:17'),(17,62,'1970-11-22 00:57:14'),(17,97,'1995-09-17 11:08:26'),(18,19,'1982-10-08 04:36:17'),(18,20,'2022-07-29 18:22:40'),(18,37,'2002-06-07 12:11:00'),(18,70,'2008-08-31 14:06:01'),(18,82,'1981-01-10 22:27:37'),(18,89,'1989-12-26 18:24:09'),(18,94,'2018-01-06 05:01:33'),(19,6,'1987-07-23 04:43:52'),(19,7,'2013-10-30 06:17:02'),(19,13,'2022-06-10 12:20:55'),(19,51,'1997-06-16 17:24:35'),(19,79,'2018-03-14 02:34:38'),(19,91,'1971-02-23 11:53:16'),(20,12,'2017-08-08 04:01:13'),(20,21,'1996-01-16 13:36:14'),(20,26,'1971-09-06 20:18:31'),(20,54,'2011-02-15 01:05:18'),(20,71,'1992-12-30 06:34:23'),(20,78,'2016-03-09 19:47:18');
/*!40000 ALTER TABLE `communities_users` ENABLE KEYS */;
UNLOCK TABLES;

--
-- Table structure for table `friendship_statuses`
--

DROP TABLE IF EXISTS `friendship_statuses`;
/*!40101 SET @saved_cs_client     = @@character_set_client */;
/*!50503 SET character_set_client = utf8mb4 */;
CREATE TABLE `friendship_statuses` (
  `id` int unsigned NOT NULL AUTO_INCREMENT COMMENT 'Идентификатор строки',
  `name` varchar(150) CHARACTER SET utf8mb4 COLLATE utf8mb4_unicode_ci NOT NULL COMMENT 'Название статуса',
  `created_at` datetime DEFAULT CURRENT_TIMESTAMP COMMENT 'Время создания строки',
  `updated_at` datetime DEFAULT CURRENT_TIMESTAMP ON UPDATE CURRENT_TIMESTAMP COMMENT 'Время обновления строки',
  PRIMARY KEY (`id`),
  UNIQUE KEY `name` (`name`)
) ENGINE=InnoDB AUTO_INCREMENT=4 DEFAULT CHARSET=utf8mb4 COLLATE=utf8mb4_unicode_ci COMMENT='Статусы дружбы';
/*!40101 SET character_set_client = @saved_cs_client */;

--
-- Dumping data for table `friendship_statuses`
--

LOCK TABLES `friendship_statuses` WRITE;
/*!40000 ALTER TABLE `friendship_statuses` DISABLE KEYS */;
INSERT INTO `friendship_statuses` VALUES (1,'Requested','2022-09-02 17:13:46','2022-09-02 17:13:46'),(2,'Confirmed','2022-09-02 17:13:46','2022-09-02 17:13:46'),(3,'Rejected','2022-09-02 17:13:46','2022-09-02 17:13:46');
/*!40000 ALTER TABLE `friendship_statuses` ENABLE KEYS */;
UNLOCK TABLES;

--
-- Table structure for table `friendships`
--

DROP TABLE IF EXISTS `friendships`;
/*!40101 SET @saved_cs_client     = @@character_set_client */;
/*!50503 SET character_set_client = utf8mb4 */;
CREATE TABLE `friendships` (
  `user_id` int unsigned NOT NULL COMMENT 'Ссылка на инициатора дружеских отношений',
  `friend_id` int unsigned NOT NULL COMMENT 'Ссылка на получателя приглашения дружить',
  `status_id` int unsigned NOT NULL COMMENT 'Ссылка на статус (текущее состояние) отношений',
  `requested_at` datetime DEFAULT CURRENT_TIMESTAMP COMMENT 'Время отправления приглашения дружить',
  `confirmed_at` datetime DEFAULT NULL COMMENT 'Время подтверждения приглашения',
  `created_at` datetime DEFAULT CURRENT_TIMESTAMP COMMENT 'Время создания строки',
  `updated_at` datetime DEFAULT CURRENT_TIMESTAMP ON UPDATE CURRENT_TIMESTAMP COMMENT 'Время обновления строки',
  PRIMARY KEY (`user_id`,`friend_id`) COMMENT 'Составной первичный ключ'
) ENGINE=InnoDB DEFAULT CHARSET=utf8mb4 COLLATE=utf8mb4_unicode_ci COMMENT='Таблица дружбы';
/*!40101 SET character_set_client = @saved_cs_client */;

--
-- Dumping data for table `friendships`
--

LOCK TABLES `friendships` WRITE;
/*!40000 ALTER TABLE `friendships` DISABLE KEYS */;
INSERT INTO `friendships` VALUES (1,2,3,'1995-05-23 15:58:11','2015-04-20 23:47:02','1995-05-06 05:04:59','2022-09-02 17:15:44'),(2,31,3,'1986-08-27 21:15:07','1983-04-17 23:56:54','1974-06-09 14:27:15','2022-09-02 17:15:08'),(3,34,3,'2014-10-05 00:15:42','2010-02-24 14:43:26','2011-08-01 09:33:00','2022-09-02 17:15:44'),(4,7,1,'2015-11-06 19:04:10','1982-10-13 01:01:39','1990-04-24 05:05:22','2022-09-02 17:15:44'),(4,73,3,'1995-01-31 18:55:04','2015-01-02 08:16:17','2017-03-24 07:15:08','2022-09-02 17:15:44'),(6,86,3,'1986-09-30 21:49:57','1990-07-11 09:15:44','2014-03-19 01:27:10','2022-09-02 17:15:44'),(6,87,1,'1976-07-11 02:37:56','1996-07-16 09:32:03','1995-09-16 21:40:04','2022-09-02 17:15:44'),(7,1,3,'1975-08-16 02:27:12','2003-03-04 20:08:49','2003-09-02 03:12:15','2022-09-02 17:15:44'),(8,9,3,'2013-10-26 16:14:22','1973-04-20 02:38:21','1996-04-24 12:42:50','2022-09-02 17:15:44'),(10,90,3,'1971-06-22 01:50:48','2007-03-23 18:05:16','1998-07-24 22:57:53','2022-09-02 17:15:44'),(12,26,2,'1975-08-24 16:10:01','1987-07-11 19:02:43','1995-08-01 18:11:39','2022-09-02 17:15:44'),(12,58,1,'2005-10-17 10:09:49','1996-02-11 22:20:26','1999-11-10 20:28:38','2022-09-02 17:15:44'),(13,57,2,'1981-02-08 12:09:20','2012-10-04 19:30:58','1983-03-27 13:31:06','2022-09-02 17:15:44'),(14,20,1,'1987-01-21 08:57:04','1996-08-07 05:19:25','2015-12-10 16:36:11','2022-09-02 17:15:44'),(15,31,3,'2013-10-08 10:16:53','1998-04-03 10:24:13','1981-08-18 02:03:33','2022-09-02 17:15:44'),(16,84,1,'2016-03-23 19:27:27','2014-05-13 13:31:04','1982-06-12 17:31:10','2022-09-02 17:15:44'),(17,99,3,'1989-11-23 15:46:37','1993-07-15 17:54:08','2006-10-13 22:55:38','2022-09-02 17:15:44'),(20,29,3,'1978-09-28 03:04:58','1978-11-06 20:18:48','1975-03-05 01:07:51','2022-09-02 17:15:44'),(21,46,1,'1996-09-02 17:03:50','2017-11-01 10:38:41','1985-11-17 21:45:34','2022-09-02 17:15:44'),(22,34,3,'2013-08-03 20:57:18','1998-10-01 19:07:11','2017-03-11 10:43:00','2022-09-02 17:15:44'),(23,6,1,'1970-04-20 00:30:15','1998-09-03 14:29:59','1999-11-15 22:16:49','2022-09-02 17:15:44'),(25,6,1,'1972-08-09 06:53:11','1977-12-02 09:29:45','2013-08-25 18:38:18','2022-09-02 17:15:44'),(27,82,1,'2005-10-08 13:05:00','2002-04-05 16:21:27','2005-10-31 06:46:24','2022-09-02 17:15:44'),(29,22,1,'2004-08-24 01:53:27','2004-10-30 01:49:46','1983-07-20 17:49:16','2022-09-02 17:15:44'),(29,91,1,'2017-12-02 22:49:17','2006-01-21 11:49:46','2008-12-28 20:21:49','2022-09-02 17:15:44'),(30,43,1,'2018-12-02 12:52:21','2018-07-11 12:02:25','1989-01-04 07:57:09','2022-09-02 17:15:44'),(30,71,1,'1978-05-23 00:27:11','1985-08-25 20:03:57','1972-02-22 17:25:26','2022-09-02 17:15:44'),(33,15,2,'1986-11-24 07:08:42','1974-04-29 03:08:17','2002-04-24 15:51:28','2022-09-02 17:15:44'),(33,68,3,'2017-08-20 14:04:27','2015-03-29 06:15:26','2011-06-27 11:27:28','2022-09-02 17:15:44'),(34,14,1,'2011-04-06 21:52:10','1999-03-30 14:10:57','1974-04-20 04:38:12','2022-09-02 17:15:44'),(35,82,2,'2016-11-18 22:41:13','2005-12-17 03:50:01','1983-06-13 12:08:49','2022-09-02 17:15:44'),(38,33,3,'2016-01-01 05:06:00','1972-07-17 23:43:02','2013-06-03 21:54:00','2022-09-02 17:15:44'),(38,47,1,'1990-04-20 11:40:32','1995-06-28 21:47:24','2015-11-24 14:05:37','2022-09-02 17:15:44'),(39,7,2,'1986-03-26 11:22:26','1996-10-02 15:33:49','1984-06-07 02:57:05','2022-09-02 17:15:44'),(40,44,3,'2013-09-09 16:01:32','1988-02-11 00:36:53','2008-10-22 23:33:52','2022-09-02 17:15:44'),(41,40,1,'1980-01-17 12:16:03','1986-08-01 17:30:39','1981-08-18 00:18:09','2022-09-02 17:15:44'),(43,95,2,'1987-02-03 07:36:22','1980-04-22 00:04:18','2019-05-29 04:53:28','2022-09-02 17:15:44'),(44,28,2,'2004-06-05 08:54:41','1990-09-02 19:16:54','1991-05-22 10:57:58','2022-09-02 17:15:44'),(45,9,3,'2015-08-05 11:15:56','1970-07-27 11:55:47','2020-11-16 00:08:28','2022-09-02 17:15:44'),(45,81,3,'2007-08-15 05:00:39','1978-05-12 09:04:40','2020-06-14 01:55:08','2022-09-02 17:15:44'),(47,33,2,'2002-01-08 01:26:51','1987-06-14 18:44:00','2006-06-18 05:34:31','2022-09-02 17:15:44'),(48,42,3,'1987-09-29 19:31:21','1990-05-18 15:54:38','2001-11-02 03:40:24','2022-09-02 17:15:44'),(48,52,3,'2009-11-20 11:24:41','2006-04-05 06:00:41','2008-05-22 07:00:26','2022-09-02 17:15:44'),(49,13,2,'1992-05-06 05:15:39','2002-06-22 03:05:02','2020-07-08 07:41:41','2022-09-02 17:15:44'),(49,39,2,'1987-03-06 16:18:08','1989-06-20 07:12:58','2013-08-29 08:04:20','2022-09-02 17:15:44'),(50,37,2,'1995-01-02 16:18:01','1976-03-02 11:32:59','1992-04-11 01:39:11','2022-09-02 17:15:44'),(51,86,3,'2010-06-26 12:00:36','2021-09-03 12:25:52','2022-04-02 14:19:28','2022-09-02 17:15:44'),(52,11,2,'1985-12-13 02:35:11','1971-11-28 14:02:07','2022-06-10 11:17:54','2022-09-02 17:15:44'),(52,68,3,'1983-09-28 15:56:55','2013-02-19 00:00:28','2002-01-29 20:59:20','2022-09-02 17:15:44'),(55,41,3,'1984-06-21 04:09:30','2000-06-18 21:11:30','2002-03-04 17:46:59','2022-09-02 17:15:44'),(56,5,2,'1970-03-05 12:47:46','1970-06-05 12:55:40','2020-01-15 09:11:24','2022-09-02 17:15:44'),(58,93,2,'1979-11-18 20:24:52','1987-12-20 15:45:13','1984-03-23 22:34:38','2022-09-02 17:15:44'),(58,98,2,'1970-10-26 11:04:31','1978-09-18 01:42:55','2005-01-27 02:54:24','2022-09-02 17:15:44'),(59,14,2,'1976-09-26 17:39:00','1978-11-24 19:59:00','1991-12-30 02:52:24','2022-09-02 17:15:44'),(59,24,2,'1998-03-08 16:20:47','2010-03-05 03:35:03','2015-08-05 05:23:09','2022-09-02 17:15:44'),(59,46,1,'2008-03-27 04:05:02','1996-04-16 01:21:10','2014-12-22 01:18:05','2022-09-02 17:15:44'),(59,50,3,'1986-03-01 18:59:13','1973-04-23 09:30:26','2011-07-15 04:56:50','2022-09-02 17:15:44'),(59,52,1,'1984-06-18 12:41:28','2014-10-25 13:48:11','1988-10-01 20:56:26','2022-09-02 17:15:44'),(60,56,2,'1976-02-29 17:51:46','1993-05-03 05:11:52','1983-04-30 13:29:08','2022-09-02 17:15:44'),(61,96,2,'1993-07-06 14:27:19','1972-03-12 22:04:04','1999-01-15 17:57:31','2022-09-02 17:15:44'),(63,41,3,'2005-03-07 18:12:25','1985-09-02 03:44:21','1978-01-06 19:42:06','2022-09-02 17:15:44'),(64,99,3,'2005-04-05 18:22:40','2012-03-29 18:02:59','2010-11-26 12:31:18','2022-09-02 17:15:44'),(65,40,1,'1996-08-15 01:41:43','1989-03-02 13:31:28','1971-12-31 00:56:58','2022-09-02 17:15:44'),(66,86,1,'1992-05-19 23:12:47','1977-01-31 13:26:31','2009-09-02 08:32:36','2022-09-02 17:15:44'),(67,56,1,'1997-07-27 10:37:55','2000-04-27 19:29:53','2020-11-30 01:33:47','2022-09-02 17:15:44'),(67,90,2,'1971-01-21 01:47:04','1990-11-23 20:45:03','1981-05-05 14:03:06','2022-09-02 17:15:44'),(68,56,1,'1997-06-03 06:56:10','2017-04-27 04:33:52','1984-06-27 01:08:05','2022-09-02 17:15:44'),(69,43,1,'2010-11-19 20:00:56','2008-11-06 07:39:16','2004-04-26 22:09:45','2022-09-02 17:15:44'),(71,16,3,'1985-05-29 03:06:28','2000-07-17 20:34:14','1997-07-03 15:43:31','2022-09-02 17:15:44'),(71,30,3,'2016-10-03 11:01:58','1985-08-28 14:51:18','1981-07-23 16:07:07','2022-09-02 17:15:44'),(71,46,3,'2005-08-30 00:49:55','2011-07-12 00:00:17','1991-02-13 10:45:52','2022-09-02 17:15:44'),(71,93,3,'2020-05-22 15:04:42','1981-12-11 08:42:48','2021-12-10 20:05:40','2022-09-02 17:15:44'),(73,68,1,'1981-04-26 23:34:13','2009-01-12 01:51:16','2011-03-15 00:48:13','2022-09-02 17:15:44'),(75,14,2,'1995-11-03 11:33:15','1988-09-27 03:25:31','2012-10-14 21:10:17','2022-09-02 17:15:44'),(76,93,2,'2012-06-14 02:47:09','2006-02-15 07:06:26','2007-03-10 18:33:51','2022-09-02 17:15:44'),(77,13,2,'2012-06-21 09:29:54','1997-05-11 09:49:56','1976-04-07 07:02:06','2022-09-02 17:15:44'),(77,87,2,'2006-01-25 16:12:31','1984-11-27 16:00:22','1992-07-10 13:15:46','2022-09-02 17:15:44'),(79,78,1,'2012-03-04 01:58:11','2015-08-24 01:31:34','1970-12-18 07:16:28','2022-09-02 17:15:44'),(80,43,1,'2011-07-01 09:02:29','1976-08-21 08:20:38','2018-08-26 20:35:58','2022-09-02 17:15:44'),(80,84,1,'2018-08-03 20:53:38','1984-01-09 09:25:23','2006-12-08 07:12:31','2022-09-02 17:15:44'),(81,90,3,'1982-05-04 18:06:23','2005-12-02 00:18:25','2006-11-16 06:31:16','2022-09-02 17:15:44'),(83,1,2,'1981-06-11 03:40:52','1993-02-01 20:12:41','2017-07-10 15:59:14','2022-09-02 17:15:44'),(84,6,3,'2021-08-20 22:46:54','2005-07-30 00:40:28','2016-10-28 08:36:44','2022-09-02 17:15:44'),(86,85,1,'1985-10-27 19:53:47','2008-12-27 22:12:45','1988-08-21 11:24:23','2022-09-02 17:15:44'),(87,10,1,'2016-10-22 00:53:18','1998-07-06 21:13:29','1992-10-04 21:00:55','2022-09-02 17:15:44'),(89,82,2,'2014-11-29 08:26:12','1990-02-03 17:03:53','2013-01-07 13:48:55','2022-09-02 17:15:44'),(90,41,1,'1976-07-08 09:33:41','2013-05-25 19:33:03','2009-01-02 01:48:41','2022-09-02 17:15:44'),(92,8,3,'1991-06-03 16:22:25','2020-02-17 03:12:50','2017-01-25 17:21:48','2022-09-02 17:15:44'),(92,27,3,'2005-03-22 07:00:11','1991-11-19 13:09:22','1985-03-26 14:02:47','2022-09-02 17:15:44'),(92,63,1,'2010-12-17 02:34:19','2006-01-15 17:25:54','1975-04-21 03:56:29','2022-09-02 17:15:44'),(94,41,2,'1981-01-06 12:50:59','1989-09-15 05:54:36','2017-04-15 02:12:01','2022-09-02 17:15:44'),(95,89,3,'2018-06-19 04:30:44','1984-10-24 19:12:21','1993-04-23 10:38:44','2022-09-02 17:15:44'),(96,13,1,'1973-11-11 20:24:51','2021-06-08 22:21:52','2004-02-13 21:37:14','2022-09-02 17:15:44'),(96,18,3,'2002-05-10 21:43:34','1988-03-06 23:34:15','1997-05-10 19:38:56','2022-09-02 17:15:44'),(98,15,1,'1985-08-17 02:25:05','2010-07-30 08:34:39','2006-05-16 04:47:20','2022-09-02 17:15:44'),(98,91,3,'1993-10-18 23:31:31','2002-06-06 22:41:11','1979-01-28 14:50:00','2022-09-02 17:15:44'),(99,40,2,'2016-12-08 16:39:59','1997-01-25 20:55:12','1974-08-22 20:57:20','2022-09-02 17:15:44'),(99,46,1,'2007-11-07 07:00:23','1989-09-08 02:54:08','2001-08-09 05:35:01','2022-09-02 17:15:44'),(100,21,1,'2001-05-27 04:49:02','2002-09-26 03:50:29','1992-11-02 20:28:36','2022-09-02 17:15:44'),(100,22,2,'1971-03-05 17:07:05','1989-03-19 18:48:27','2015-11-12 03:47:16','2022-09-02 17:15:44');
/*!40000 ALTER TABLE `friendships` ENABLE KEYS */;
UNLOCK TABLES;

--
-- Table structure for table `likes`
--

DROP TABLE IF EXISTS `likes`;
/*!40101 SET @saved_cs_client     = @@character_set_client */;
/*!50503 SET character_set_client = utf8mb4 */;
CREATE TABLE `likes` (
  `id` int unsigned NOT NULL AUTO_INCREMENT COMMENT 'Идентификатор строки',
  `user_id` int unsigned NOT NULL COMMENT 'Ссылка на пользователя',
  `post_id` int unsigned NOT NULL COMMENT 'Ссылка на пост',
  `comment` text CHARACTER SET utf8mb4 COLLATE utf8mb4_unicode_ci NOT NULL COMMENT 'Текст коммента',
  `created_at` datetime DEFAULT CURRENT_TIMESTAMP COMMENT 'Время создания строки',
  `updated_at` datetime DEFAULT CURRENT_TIMESTAMP ON UPDATE CURRENT_TIMESTAMP COMMENT 'Время обновления строки',
  PRIMARY KEY (`id`)
) ENGINE=InnoDB AUTO_INCREMENT=101 DEFAULT CHARSET=utf8mb4 COLLATE=utf8mb4_unicode_ci COMMENT='Лайки';
/*!40101 SET character_set_client = @saved_cs_client */;

--
-- Dumping data for table `likes`
--

LOCK TABLES `likes` WRITE;
/*!40000 ALTER TABLE `likes` DISABLE KEYS */;
INSERT INTO `likes` VALUES (1,1,1,'','2009-06-28 12:09:21','1987-02-05 15:52:16'),(2,2,2,'','1992-07-05 05:45:34','1991-04-01 00:54:11'),(3,3,3,'','1974-06-16 16:10:21','2008-07-10 17:55:40'),(4,4,4,'','1994-03-08 23:16:23','1983-09-09 18:49:58'),(5,5,5,'','2012-10-06 01:55:08','1972-07-30 05:39:33'),(6,6,6,'','1987-02-11 13:56:43','1987-09-20 18:03:26'),(7,7,7,'','2016-10-31 03:55:31','1992-02-29 11:10:52'),(8,8,8,'','1978-01-17 15:13:59','2001-08-08 04:43:09'),(9,9,9,'','2012-07-21 14:35:26','1987-04-04 06:26:40'),(10,10,10,'','1984-03-01 16:59:10','2019-05-25 19:30:04'),(11,11,11,'','2003-09-19 02:53:45','1979-04-21 23:42:25'),(12,12,12,'','1994-12-25 21:53:37','2002-01-31 06:36:25'),(13,13,13,'','2008-12-13 13:15:23','1986-02-11 03:15:25'),(14,14,14,'','2015-02-22 00:41:59','1974-11-01 19:06:41'),(15,15,15,'','1993-07-08 19:46:39','2021-07-08 04:54:49'),(16,16,16,'','1981-08-28 06:10:43','1972-11-04 08:26:47'),(17,17,17,'','2016-01-23 17:37:13','1976-07-14 22:54:45'),(18,18,18,'','2013-09-26 06:24:10','2002-02-21 16:24:17'),(19,19,19,'','1979-08-08 14:29:04','2014-07-25 23:07:00'),(20,20,20,'','1997-10-22 07:37:14','1980-04-03 23:25:46'),(21,21,21,'','2014-11-06 22:03:54','2002-11-12 00:21:09'),(22,22,22,'','1974-04-15 19:24:48','1972-04-23 23:24:19'),(23,23,23,'','1987-01-13 18:28:51','2005-11-12 19:48:35'),(24,24,24,'','1972-08-15 22:26:41','1997-05-27 05:48:38'),(25,25,25,'','1970-05-23 17:46:59','2021-07-23 09:45:54'),(26,26,26,'','1996-05-11 19:00:57','1982-09-01 09:15:04'),(27,27,27,'','2005-02-02 09:07:51','2018-01-31 07:28:48'),(28,28,28,'','2018-03-20 16:42:51','1998-02-09 08:11:39'),(29,29,29,'','1970-11-01 21:41:23','2007-07-04 02:33:27'),(30,30,30,'','1977-08-06 17:28:34','1979-03-18 16:05:12'),(31,31,31,'','2019-11-16 06:32:03','1989-09-15 12:40:56'),(32,32,32,'','2001-07-02 15:19:12','1984-11-20 21:53:48'),(33,33,33,'','2002-04-07 15:15:54','2021-06-05 23:38:20'),(34,34,34,'','2019-11-19 14:27:26','2003-06-21 20:58:18'),(35,35,35,'','2011-12-25 04:30:48','2001-10-15 10:57:19'),(36,36,36,'','2009-06-27 01:15:17','2008-01-26 10:37:12'),(37,37,37,'','1986-11-10 11:23:23','1999-11-14 04:05:54'),(38,38,38,'','2015-03-13 16:14:44','1976-08-01 07:53:31'),(39,39,39,'','1986-06-28 04:55:47','1977-03-08 12:23:27'),(40,40,40,'','1999-05-19 11:09:13','1982-01-12 18:44:53'),(41,41,41,'','2016-10-02 00:27:24','2017-07-29 05:55:24'),(42,42,42,'','2005-04-27 11:48:50','1989-11-02 06:44:51'),(43,43,43,'','2018-09-09 04:04:48','1976-12-07 08:35:54'),(44,44,44,'','1994-05-31 20:54:43','1989-07-03 04:32:16'),(45,45,45,'','1990-07-30 10:35:20','1973-03-22 10:31:05'),(46,46,46,'','1973-06-10 05:34:55','2016-04-09 04:49:24'),(47,47,47,'','2014-12-19 14:08:59','2005-05-24 20:54:41'),(48,48,48,'','1986-05-03 13:04:37','1993-12-14 20:20:49'),(49,49,49,'','1988-10-14 13:07:33','1981-03-25 19:00:19'),(50,50,50,'','1996-02-17 23:18:08','1994-04-19 04:01:26'),(51,51,51,'','1989-12-27 17:31:23','2014-05-17 04:40:11'),(52,52,52,'','2001-12-24 04:13:25','1979-12-09 19:51:41'),(53,53,53,'','2002-07-07 02:52:33','1979-08-06 23:34:42'),(54,54,54,'','1991-09-30 02:51:38','1985-07-04 05:21:38'),(55,55,55,'','1988-09-17 01:55:07','1991-12-14 17:11:01'),(56,56,56,'','1978-05-29 04:00:39','1994-10-03 18:10:19'),(57,57,57,'','1981-03-11 13:42:22','2020-05-23 21:37:22'),(58,58,58,'','1971-11-30 06:26:07','2008-02-20 03:14:39'),(59,59,59,'','1995-01-02 08:37:52','2021-12-03 19:48:36'),(60,60,60,'','1980-07-08 15:23:19','1998-08-23 23:59:41'),(61,61,61,'','1997-08-15 08:33:01','2015-10-17 10:36:57'),(62,62,62,'','1976-05-11 21:06:04','1986-01-24 05:45:29'),(63,63,63,'','1992-06-27 17:50:17','2003-10-31 18:03:15'),(64,64,64,'','1986-06-23 16:55:06','1973-02-25 09:56:57'),(65,65,65,'','1998-11-24 17:58:29','2019-02-01 09:49:47'),(66,66,66,'','1971-07-11 05:33:51','2008-01-14 19:39:55'),(67,67,67,'','1973-02-28 19:35:31','1983-01-25 00:00:13'),(68,68,68,'','1992-09-20 18:42:57','2003-02-15 13:51:15'),(69,69,69,'','2020-07-17 17:49:06','2006-03-28 10:08:43'),(70,70,70,'','1985-12-17 03:21:41','1994-02-10 09:46:36'),(71,71,71,'','2018-05-17 07:21:31','2009-04-04 13:45:55'),(72,72,72,'','1976-05-24 17:17:36','1996-11-05 04:11:17'),(73,73,73,'','1991-04-05 23:09:55','2015-06-05 14:11:48'),(74,74,74,'','1971-08-20 05:51:19','1989-09-08 14:37:06'),(75,75,75,'','2006-11-05 14:26:10','1980-01-08 15:28:52'),(76,76,76,'','2008-10-17 18:46:53','2005-05-31 05:00:35'),(77,77,77,'','1978-08-17 03:15:28','2014-09-18 13:36:51'),(78,78,78,'','1970-11-01 02:31:06','1999-07-21 19:10:27'),(79,79,79,'','2020-08-18 18:47:20','2011-09-17 20:26:25'),(80,80,80,'','2011-06-27 20:01:38','1988-07-22 07:44:32'),(81,81,81,'','2014-05-03 03:15:26','1996-01-08 12:28:08'),(82,82,82,'','1975-10-16 17:23:46','1981-02-18 10:54:06'),(83,83,83,'','2008-07-28 00:08:35','1997-08-16 19:13:31'),(84,84,84,'','2010-01-19 10:11:18','1984-01-24 05:50:16'),(85,85,85,'','1979-04-28 19:57:25','1984-01-25 00:36:57'),(86,86,86,'','2022-02-11 22:24:13','1974-11-24 16:10:42'),(87,87,87,'','1970-04-18 02:08:20','1985-11-17 04:43:36'),(88,88,88,'','1981-09-24 11:24:13','1977-02-02 11:13:11'),(89,89,89,'','1990-12-26 13:32:48','1996-09-30 18:42:22'),(90,90,90,'','2022-08-12 22:56:23','2001-11-24 14:50:07'),(91,91,91,'','2009-01-16 21:34:03','1984-05-03 11:01:29'),(92,92,92,'','1984-03-04 19:39:44','2005-01-20 13:39:42'),(93,93,93,'','1992-02-05 08:40:43','1979-06-07 22:00:59'),(94,94,94,'','1975-01-31 00:13:23','1991-09-03 06:19:59'),(95,95,95,'','1995-01-23 15:02:11','1976-10-27 23:29:52'),(96,96,96,'','1983-08-09 00:15:15','1980-08-18 09:59:09'),(97,97,97,'','2002-09-05 21:52:44','1970-04-04 17:56:01'),(98,98,98,'','1983-01-13 03:07:09','1985-06-05 18:48:21'),(99,99,99,'','1999-03-14 14:43:25','2008-02-15 04:45:20'),(100,100,100,'','2003-01-18 15:06:10','1995-08-05 03:51:26');
/*!40000 ALTER TABLE `likes` ENABLE KEYS */;
UNLOCK TABLES;

--
-- Table structure for table `media`
--

DROP TABLE IF EXISTS `media`;
/*!40101 SET @saved_cs_client     = @@character_set_client */;
/*!50503 SET character_set_client = utf8mb4 */;
CREATE TABLE `media` (
  `id` int unsigned NOT NULL AUTO_INCREMENT COMMENT 'Идентификатор строки',
  `user_id` int unsigned NOT NULL COMMENT 'Ссылка на пользователя, который загрузил файл',
  `filename` varchar(255) CHARACTER SET utf8mb4 COLLATE utf8mb4_unicode_ci NOT NULL COMMENT 'Путь к файлу',
  `size` int NOT NULL COMMENT 'Размер файла',
  `metadata` json DEFAULT NULL,
  `media_type_id` int unsigned NOT NULL COMMENT 'Ссылка на тип контента',
  `created_at` datetime DEFAULT CURRENT_TIMESTAMP COMMENT 'Время создания строки',
  `updated_at` datetime DEFAULT CURRENT_TIMESTAMP ON UPDATE CURRENT_TIMESTAMP COMMENT 'Время обновления строки',
  PRIMARY KEY (`id`),
  CONSTRAINT `media_chk_1` CHECK (json_valid(`metadata`))
) ENGINE=InnoDB AUTO_INCREMENT=101 DEFAULT CHARSET=utf8mb4 COLLATE=utf8mb4_unicode_ci COMMENT='Медиафайлы';
/*!40101 SET character_set_client = @saved_cs_client */;

--
-- Dumping data for table `media`
--

LOCK TABLES `media` WRITE;
/*!40000 ALTER TABLE `media` DISABLE KEYS */;
INSERT INTO `media` VALUES (1,31,'http://dropbox.net/vk/nequeKonopelski.png',409314,'{\"owner\": \"KatlynHerzog\"}',2,'2017-10-02 02:20:57','2022-09-02 16:33:29'),(2,41,'http://dropbox.net/vk/doloremqueKulas.jpeg',31458,'{\"owner\": \"AlexaneEmmerich\"}',3,'1989-11-24 12:32:38','2022-09-02 16:33:29'),(3,11,'http://dropbox.net/vk/explicaboFlatley.avi',56318337,'{\"owner\": \"MerrittFeeney\"}',3,'2019-06-09 09:14:46','2022-09-02 16:33:29'),(4,34,'http://dropbox.net/vk/commodiVeum.mpeg',593495,'{\"owner\": \"MarioMarvin\"}',1,'1984-04-12 09:13:26','2022-09-02 16:33:29'),(5,34,'http://dropbox.net/vk/voluptatemFeil.png',729533,'{\"owner\": \"MarioMarvin\"}',1,'1974-12-03 14:59:52','2022-09-02 16:33:29'),(6,67,'http://dropbox.net/vk/atqueHerzog.jpeg',4527,'{\"owner\": \"GerryGrimes\"}',3,'1990-09-30 12:39:29','2022-09-02 16:33:29'),(7,35,'http://dropbox.net/vk/autNolan.jpeg',8025,'{\"owner\": \"CoralieRolfson\"}',3,'1970-11-20 19:19:04','2022-09-02 16:33:29'),(8,70,'http://dropbox.net/vk/sintAnkunding.avi',1550,'{\"owner\": \"JohannHahn\"}',1,'1974-02-11 10:54:24','2022-09-02 16:33:29'),(9,48,'http://dropbox.net/vk/officiisGutmann.png',98736188,'{\"owner\": \"KeeleyKassulke\"}',2,'1995-06-11 10:29:57','2022-09-02 16:33:29'),(10,29,'http://dropbox.net/vk/estHane.mpeg',857183,'{\"owner\": \"MaeganThompson\"}',2,'2016-10-12 19:19:10','2022-09-02 16:33:29'),(11,100,'http://dropbox.net/vk/laboriosamKiehn.png',87313,'{\"owner\": \"UrielLueilwitz\"}',3,'1976-06-10 21:44:08','2022-09-02 16:33:29'),(12,14,'http://dropbox.net/vk/repellatNolan.jpeg',513401166,'{\"owner\": \"HaskellWehner\"}',1,'2010-03-31 19:31:46','2022-09-02 16:33:29'),(13,67,'http://dropbox.net/vk/autSpinka.avi',23330684,'{\"owner\": \"GerryGrimes\"}',2,'1983-10-13 00:26:10','2022-09-02 16:33:29'),(14,93,'http://dropbox.net/vk/natusGrant.jpeg',855020,'{\"owner\": \"VirginieTurcotte\"}',3,'1985-10-29 05:25:45','2022-09-02 16:33:29'),(15,65,'http://dropbox.net/vk/consequaturHahn.jpeg',1003159,'{\"owner\": \"PorterO\'Reilly\"}',1,'1993-02-07 19:59:25','2022-09-02 16:33:29'),(16,44,'http://dropbox.net/vk/possimusParisian.mpeg',440736,'{\"owner\": \"KendraVeum\"}',1,'2015-06-01 16:16:47','2022-09-02 16:33:29'),(17,26,'http://dropbox.net/vk/voluptasBartoletti.jpeg',1616,'{\"owner\": \"BradlyMiller\"}',1,'1976-07-02 17:41:34','2022-09-02 16:33:29'),(18,96,'http://dropbox.net/vk/quiSauer.mpeg',184203,'{\"owner\": \"GeovanniRunolfsson\"}',1,'2012-08-27 12:09:10','2022-09-02 16:33:29'),(19,1,'http://dropbox.net/vk/laudantiumOlson.mpeg',588810,'{\"owner\": \"BridieHaag\"}',2,'2003-02-21 00:16:33','2022-09-02 16:33:29'),(20,18,'http://dropbox.net/vk/quamSawayn.jpeg',381440,'{\"owner\": \"JoanOberbrunner\"}',2,'2000-01-21 17:15:16','2022-09-02 16:33:29'),(21,88,'http://dropbox.net/vk/doloremBlanda.mpeg',130771,'{\"owner\": \"AimeeLangosh\"}',2,'2006-09-01 07:22:38','2022-09-02 16:33:29'),(22,83,'http://dropbox.net/vk/reprehenderitCassin.avi',499537,'{\"owner\": \"MariaZiemann\"}',3,'1987-04-27 17:17:34','2022-09-02 16:33:29'),(23,49,'http://dropbox.net/vk/deseruntHaag.jpeg',8313,'{\"owner\": \"FannieCorkery\"}',2,'1990-08-28 13:42:25','2022-09-02 16:33:29'),(24,98,'http://dropbox.net/vk/aliquidGrant.jpeg',95370,'{\"owner\": \"WestleyKulas\"}',1,'1971-11-09 23:56:42','2022-09-02 16:33:29'),(25,44,'http://dropbox.net/vk/quiaAufderhar.jpeg',968239,'{\"owner\": \"KendraVeum\"}',3,'2008-01-29 12:10:53','2022-09-02 16:33:29'),(26,24,'http://dropbox.net/vk/voluptatemOberbrunner.avi',99658441,'{\"owner\": \"GaetanoMonahan\"}',3,'1971-08-17 00:58:03','2022-09-02 16:33:29'),(27,86,'http://dropbox.net/vk/undeMorissette.png',545086,'{\"owner\": \"ChaunceyMcCullough\"}',1,'1970-05-29 01:09:24','2022-09-02 16:33:29'),(28,61,'http://dropbox.net/vk/voluptatemHudson.png',15045386,'{\"owner\": \"MonserratKonopelski\"}',2,'1995-06-11 19:55:25','2022-09-02 16:33:29'),(29,43,'http://dropbox.net/vk/autDavis.jpeg',97632017,'{\"owner\": \"EvieStroman\"}',2,'2021-10-22 00:59:26','2022-09-02 16:33:29'),(30,34,'http://dropbox.net/vk/remFeeney.avi',2914,'{\"owner\": \"MarioMarvin\"}',3,'2009-06-18 19:17:31','2022-09-02 16:33:29'),(31,41,'http://dropbox.net/vk/molestiaeBoyer.avi',1608028,'{\"owner\": \"AlexaneEmmerich\"}',1,'2018-06-28 23:49:00','2022-09-02 16:33:29'),(32,1,'http://dropbox.net/vk/nostrumKulas.mpeg',810716,'{\"owner\": \"BridieHaag\"}',3,'2002-01-08 09:30:58','2022-09-02 16:33:29'),(33,82,'http://dropbox.net/vk/reiciendisWill.jpeg',720264,'{\"owner\": \"CarleeFranecki\"}',2,'2019-08-11 00:24:52','2022-09-02 16:33:29'),(34,8,'http://dropbox.net/vk/suntFeeney.avi',59607487,'{\"owner\": \"KayaHane\"}',2,'2007-01-11 09:28:10','2022-09-02 16:33:29'),(35,92,'http://dropbox.net/vk/quiGraham.jpeg',778775,'{\"owner\": \"SaigeHilpert\"}',3,'1990-12-11 20:28:06','2022-09-02 16:33:29'),(36,36,'http://dropbox.net/vk/sapienteFeil.mpeg',98246668,'{\"owner\": \"CletusMurazik\"}',2,'1989-08-10 02:12:15','2022-09-02 16:33:29'),(37,4,'http://dropbox.net/vk/sintRau.mpeg',408319,'{\"owner\": \"MargeKeeling\"}',1,'1970-01-30 03:55:11','2022-09-02 16:33:29'),(38,9,'http://dropbox.net/vk/quiDach.mpeg',95957034,'{\"owner\": \"SandrineFlatley\"}',2,'1999-01-09 21:36:26','2022-09-02 16:33:29'),(39,35,'http://dropbox.net/vk/dignissimosMcCullough.mpeg',5408168,'{\"owner\": \"CoralieRolfson\"}',3,'1977-04-01 07:39:53','2022-09-02 16:33:29'),(40,48,'http://dropbox.net/vk/nemoFeeney.png',83611953,'{\"owner\": \"KeeleyKassulke\"}',2,'2004-12-30 05:54:35','2022-09-02 16:33:29'),(41,35,'http://dropbox.net/vk/exercitationemHeller.mpeg',11895,'{\"owner\": \"CoralieRolfson\"}',1,'1995-02-24 11:37:38','2022-09-02 16:33:29'),(42,31,'http://dropbox.net/vk/veroFranecki.avi',599451,'{\"owner\": \"KatlynHerzog\"}',3,'2004-08-02 14:52:58','2022-09-02 16:33:29'),(43,49,'http://dropbox.net/vk/ametRau.avi',6887,'{\"owner\": \"FannieCorkery\"}',2,'1971-08-21 02:24:41','2022-09-02 16:33:29'),(44,50,'http://dropbox.net/vk/quiaTurcotte.jpeg',762295,'{\"owner\": \"GiovaniHeathcote\"}',2,'2020-10-19 17:23:05','2022-09-02 16:33:29'),(45,3,'http://dropbox.net/vk/reprehenderitNolan.png',756113,'{\"owner\": \"CathrynOlson\"}',1,'1994-03-12 06:43:10','2022-09-02 16:33:29'),(46,63,'http://dropbox.net/vk/nobisRolfson.mpeg',1003125,'{\"owner\": \"EulaMorissette\"}',3,'2015-05-17 08:24:29','2022-09-02 16:33:29'),(47,8,'http://dropbox.net/vk/facereDaugherty.avi',718739,'{\"owner\": \"KayaHane\"}',3,'2000-02-18 10:53:11','2022-09-02 16:33:29'),(48,51,'http://dropbox.net/vk/fugiatParisian.mpeg',375626,'{\"owner\": \"HarveyOkuneva\"}',3,'2009-11-28 23:50:03','2022-09-02 16:33:29'),(49,29,'http://dropbox.net/vk/enimMcCullough.png',679044,'{\"owner\": \"MaeganThompson\"}',1,'2018-11-29 14:22:09','2022-09-02 16:33:29'),(50,92,'http://dropbox.net/vk/laudantiumLegros.jpeg',574320,'{\"owner\": \"SaigeHilpert\"}',2,'1996-08-23 14:01:03','2022-09-02 16:33:29'),(51,71,'http://dropbox.net/vk/etDavis.avi',705382,'{\"owner\": \"StewartSchamberger\"}',3,'1999-11-27 10:28:23','2022-09-02 16:33:29'),(52,78,'http://dropbox.net/vk/excepturiCorkery.avi',44969676,'{\"owner\": \"CletaSmitham\"}',2,'2002-07-24 14:53:36','2022-09-02 16:33:29'),(53,78,'http://dropbox.net/vk/quiaVeum.jpeg',6871,'{\"owner\": \"CletaSmitham\"}',3,'2010-08-08 08:58:07','2022-09-02 16:33:29'),(54,55,'http://dropbox.net/vk/perspiciatisMarvin.avi',58091895,'{\"owner\": \"StantonLemke\"}',1,'1992-09-17 05:31:41','2022-09-02 16:33:29'),(55,40,'http://dropbox.net/vk/itaqueMurazik.avi',793954,'{\"owner\": \"HelenRunte\"}',1,'2019-04-21 20:03:51','2022-09-02 16:33:29'),(56,35,'http://dropbox.net/vk/veniamMurazik.jpeg',843623,'{\"owner\": \"CoralieRolfson\"}',3,'2008-01-13 00:06:49','2022-09-02 16:33:29'),(57,55,'http://dropbox.net/vk/beataeRau.jpeg',521740026,'{\"owner\": \"StantonLemke\"}',3,'1975-08-03 23:38:07','2022-09-02 16:33:29'),(58,69,'http://dropbox.net/vk/porroOkuneva.mpeg',4202457,'{\"owner\": \"BethanyBlanda\"}',1,'1997-09-05 11:27:29','2022-09-02 16:33:29'),(59,81,'http://dropbox.net/vk/quodSchamberger.mpeg',826254,'{\"owner\": \"CitlalliSchroeder\"}',1,'1978-04-27 18:49:45','2022-09-02 16:33:29'),(60,95,'http://dropbox.net/vk/praesentiumRau.mpeg',1932206,'{\"owner\": \"OwenKulas\"}',2,'1970-06-20 16:14:38','2022-09-02 16:33:29'),(61,30,'http://dropbox.net/vk/perspiciatisMorissette.jpeg',716225620,'{\"owner\": \"AmparoLakin\"}',3,'2007-08-31 16:34:46','2022-09-02 16:33:29'),(62,68,'http://dropbox.net/vk/velitRau.png',5915007,'{\"owner\": \"MathewWill\"}',2,'2007-10-18 01:59:05','2022-09-02 16:33:29'),(63,49,'http://dropbox.net/vk/quoEmmerich.mpeg',590403,'{\"owner\": \"FannieCorkery\"}',2,'2012-07-22 17:40:42','2022-09-02 16:33:29'),(64,38,'http://dropbox.net/vk/enimAnderson.png',3676001,'{\"owner\": \"SoniaEffertz\"}',3,'2016-11-07 20:58:54','2022-09-02 16:33:29'),(65,44,'http://dropbox.net/vk/sitKonopelski.jpeg',239067344,'{\"owner\": \"KendraVeum\"}',2,'2010-10-06 05:59:51','2022-09-02 16:33:29'),(66,5,'http://dropbox.net/vk/inRunte.mpeg',463252,'{\"owner\": \"JerryHerzog\"}',2,'2011-10-16 03:29:18','2022-09-02 16:33:29'),(67,91,'http://dropbox.net/vk/omnisSawayn.png',16814,'{\"owner\": \"EldredMacejkovic\"}',1,'2007-11-30 14:51:45','2022-09-02 16:33:29'),(68,41,'http://dropbox.net/vk/etRunte.jpeg',535053,'{\"owner\": \"AlexaneEmmerich\"}',2,'2020-08-08 02:47:10','2022-09-02 16:33:29'),(69,33,'http://dropbox.net/vk/velitZiemann.jpeg',6819,'{\"owner\": \"LeathaWelch\"}',2,'1977-12-23 05:58:27','2022-09-02 16:33:29'),(70,41,'http://dropbox.net/vk/expeditaKunde.png',275511,'{\"owner\": \"AlexaneEmmerich\"}',1,'2005-06-15 22:04:22','2022-09-02 16:33:29'),(71,6,'http://dropbox.net/vk/temporibusMcCullough.png',762394,'{\"owner\": \"LucieParisian\"}',1,'1995-07-22 02:56:40','2022-09-02 16:33:29'),(72,8,'http://dropbox.net/vk/aliquamLemke.png',975438,'{\"owner\": \"KayaHane\"}',3,'1977-06-28 00:06:45','2022-09-02 16:33:29'),(73,19,'http://dropbox.net/vk/accusamusKassulke.avi',9097682,'{\"owner\": \"BeaulahBoyer\"}',2,'2017-08-06 22:35:01','2022-09-02 16:33:29'),(74,70,'http://dropbox.net/vk/enimGutmann.jpeg',52248,'{\"owner\": \"JohannHahn\"}',1,'1985-08-01 08:39:44','2022-09-02 16:33:29'),(75,91,'http://dropbox.net/vk/enimFeil.avi',943445,'{\"owner\": \"EldredMacejkovic\"}',3,'2018-05-04 16:08:28','2022-09-02 16:33:29'),(76,48,'http://dropbox.net/vk/ullamThompson.jpeg',580009,'{\"owner\": \"KeeleyKassulke\"}',3,'1986-12-08 18:54:45','2022-09-02 16:33:29'),(77,64,'http://dropbox.net/vk/quidemGrant.mpeg',963731,'{\"owner\": \"LempiBlick\"}',1,'1970-01-25 08:49:36','2022-09-02 16:33:29'),(78,75,'http://dropbox.net/vk/enimSawayn.jpeg',68630,'{\"owner\": \"SantinaRau\"}',1,'2008-01-22 09:24:59','2022-09-02 16:33:29'),(79,81,'http://dropbox.net/vk/doloresBlanda.mpeg',441956,'{\"owner\": \"CitlalliSchroeder\"}',2,'1974-03-28 03:21:48','2022-09-02 16:33:29'),(80,83,'http://dropbox.net/vk/distinctioRunolfsson.mpeg',53942,'{\"owner\": \"MariaZiemann\"}',2,'2018-05-21 06:15:38','2022-09-02 16:33:29'),(81,68,'http://dropbox.net/vk/architectoOkuneva.jpeg',89651567,'{\"owner\": \"MathewWill\"}',2,'1982-02-20 11:17:47','2022-09-02 16:33:29'),(82,93,'http://dropbox.net/vk/voluptatemKunde.avi',6910,'{\"owner\": \"VirginieTurcotte\"}',3,'1993-10-03 06:43:33','2022-09-02 16:33:29'),(83,58,'http://dropbox.net/vk/ullamOberbrunner.avi',81095,'{\"owner\": \"DayanaKlocko\"}',1,'1988-07-27 07:57:16','2022-09-02 16:33:29'),(84,12,'http://dropbox.net/vk/similiqueBoyer.avi',5894,'{\"owner\": \"NannieKiehn\"}',1,'1998-10-20 21:41:11','2022-09-02 16:33:29'),(85,85,'http://dropbox.net/vk/ametHerzog.jpeg',993889,'{\"owner\": \"IlenePacocha\"}',2,'1986-09-14 19:30:08','2022-09-02 16:33:29'),(86,90,'http://dropbox.net/vk/eaHane.mpeg',6263420,'{\"owner\": \"JoshuahProsacco\"}',3,'2012-10-29 12:01:53','2022-09-02 16:33:29'),(87,95,'http://dropbox.net/vk/aliquamDaugherty.jpeg',633578,'{\"owner\": \"OwenKulas\"}',1,'1997-05-25 10:49:01','2022-09-02 16:33:29'),(88,4,'http://dropbox.net/vk/quiFeeney.jpeg',3641692,'{\"owner\": \"MargeKeeling\"}',1,'2002-01-03 06:57:06','2022-09-02 16:33:29'),(89,34,'http://dropbox.net/vk/explicaboOkuneva.png',44389202,'{\"owner\": \"MarioMarvin\"}',3,'2005-01-27 17:55:50','2022-09-02 16:33:29'),(90,58,'http://dropbox.net/vk/estNolan.mpeg',176226,'{\"owner\": \"DayanaKlocko\"}',2,'2016-03-19 18:34:21','2022-09-02 16:33:29'),(91,87,'http://dropbox.net/vk/delectusMurazik.jpeg',970396,'{\"owner\": \"MargarettaAnkunding\"}',3,'2000-07-20 15:49:45','2022-09-02 16:33:29'),(92,59,'http://dropbox.net/vk/velitKassulke.avi',313301,'{\"owner\": \"AddieFeil\"}',1,'1989-04-06 15:47:11','2022-09-02 16:33:29'),(93,36,'http://dropbox.net/vk/sitSawayn.jpeg',87370,'{\"owner\": \"CletusMurazik\"}',1,'2011-12-19 19:48:04','2022-09-02 16:33:29'),(94,2,'http://dropbox.net/vk/veroWelch.mpeg',645318,'{\"owner\": \"WillardDach\"}',3,'1973-10-20 17:08:05','2022-09-02 16:33:29'),(95,3,'http://dropbox.net/vk/dignissimosDaugherty.jpeg',11146,'{\"owner\": \"CathrynOlson\"}',1,'2004-04-24 06:20:49','2022-09-02 16:33:29'),(96,7,'http://dropbox.net/vk/molestiaeVeum.png',276688,'{\"owner\": \"CelestineGrant\"}',1,'2016-01-09 23:17:27','2022-09-02 16:33:29'),(97,25,'http://dropbox.net/vk/quidemGraham.png',3235574,'{\"owner\": \"DevonTerry\"}',3,'1974-06-03 02:05:11','2022-09-02 16:33:29'),(98,4,'http://dropbox.net/vk/autVeum.avi',310334845,'{\"owner\": \"MargeKeeling\"}',3,'2017-06-29 02:36:39','2022-09-02 16:33:29'),(99,46,'http://dropbox.net/vk/officiaHudson.jpeg',1281,'{\"owner\": \"JevonPacocha\"}',2,'1990-10-24 14:26:55','2022-09-02 16:33:29'),(100,15,'http://dropbox.net/vk/porroLakin.png',4246692,'{\"owner\": \"KylieTurner\"}',2,'1986-03-17 20:40:49','2022-09-02 16:33:29');
/*!40000 ALTER TABLE `media` ENABLE KEYS */;
UNLOCK TABLES;

--
-- Table structure for table `media_types`
--

DROP TABLE IF EXISTS `media_types`;
/*!40101 SET @saved_cs_client     = @@character_set_client */;
/*!50503 SET character_set_client = utf8mb4 */;
CREATE TABLE `media_types` (
  `id` int unsigned NOT NULL AUTO_INCREMENT COMMENT 'Идентификатор строки',
  `name` varchar(255) CHARACTER SET utf8mb4 COLLATE utf8mb4_unicode_ci NOT NULL COMMENT 'Название типа',
  `created_at` datetime DEFAULT CURRENT_TIMESTAMP COMMENT 'Время создания строки',
  `updated_at` datetime DEFAULT CURRENT_TIMESTAMP ON UPDATE CURRENT_TIMESTAMP COMMENT 'Время обновления строки',
  PRIMARY KEY (`id`),
  UNIQUE KEY `name` (`name`)
) ENGINE=InnoDB AUTO_INCREMENT=4 DEFAULT CHARSET=utf8mb4 COLLATE=utf8mb4_unicode_ci COMMENT='Типы медиафайлов';
/*!40101 SET character_set_client = @saved_cs_client */;

--
-- Dumping data for table `media_types`
--

LOCK TABLES `media_types` WRITE;
/*!40000 ALTER TABLE `media_types` DISABLE KEYS */;
INSERT INTO `media_types` VALUES (1,'photo','2022-09-02 15:48:13','2022-09-02 15:48:13'),(2,'video','2022-09-02 15:48:13','2022-09-02 15:48:13'),(3,'audio','2022-09-02 15:48:13','2022-09-02 15:48:13');
/*!40000 ALTER TABLE `media_types` ENABLE KEYS */;
UNLOCK TABLES;

--
-- Table structure for table `messages`
--

DROP TABLE IF EXISTS `messages`;
/*!40101 SET @saved_cs_client     = @@character_set_client */;
/*!50503 SET character_set_client = utf8mb4 */;
CREATE TABLE `messages` (
  `id` int unsigned NOT NULL AUTO_INCREMENT COMMENT 'Идентификатор строки',
  `from_user_id` int unsigned NOT NULL COMMENT 'Ссылка на отправителя сообщения',
  `to_user_id` int unsigned NOT NULL COMMENT 'Ссылка на получателя сообщения',
  `body` text CHARACTER SET utf8mb4 COLLATE utf8mb4_unicode_ci NOT NULL COMMENT 'Текст сообщения',
  `is_important` tinyint(1) DEFAULT NULL COMMENT 'Признак важности',
  `is_delivered` tinyint(1) DEFAULT NULL COMMENT 'Признак доставки',
  `created_at` datetime DEFAULT CURRENT_TIMESTAMP COMMENT 'Время создания строки',
  `updated_at` datetime DEFAULT CURRENT_TIMESTAMP ON UPDATE CURRENT_TIMESTAMP COMMENT 'Время обновления строки',
  PRIMARY KEY (`id`),
  KEY `messages_from_user_id_fk` (`from_user_id`),
  KEY `messages_to_user_id_fk` (`to_user_id`),
  CONSTRAINT `messages_from_user_id_fk` FOREIGN KEY (`from_user_id`) REFERENCES `users` (`id`),
  CONSTRAINT `messages_to_user_id_fk` FOREIGN KEY (`to_user_id`) REFERENCES `users` (`id`)
) ENGINE=InnoDB AUTO_INCREMENT=101 DEFAULT CHARSET=utf8mb4 COLLATE=utf8mb4_unicode_ci COMMENT='Сообщения';
/*!40101 SET character_set_client = @saved_cs_client */;

--
-- Dumping data for table `messages`
--

LOCK TABLES `messages` WRITE;
/*!40000 ALTER TABLE `messages` DISABLE KEYS */;
INSERT INTO `messages` VALUES (1,20,14,'Consequatur aut sunt voluptatem voluptatum aut nobis nam. Ipsa libero dolores pariatur aut facilis numquam maxime cumque. Facere minima distinctio dolor doloribus. Quia repudiandae est deserunt autem.',1,0,'1990-09-18 08:16:10','2022-09-10 12:08:31'),(2,26,52,'Nihil et et omnis. Quaerat in quos repudiandae dolore dolor esse. Incidunt aliquam voluptatem ut consequuntur repellat occaecati quo. At est similique eos necessitatibus rerum ducimus ea. Voluptas veniam officiis aut ducimus veniam.',0,0,'2000-09-04 22:24:31','2022-09-02 15:04:16'),(3,72,32,'Earum est nesciunt vitae autem quibusdam quo velit quod. Tempora tenetur officia quaerat dolorem blanditiis id. Velit non quisquam tenetur ut ut atque. Eum enim sed nesciunt totam facilis et quae excepturi.',1,1,'1992-08-11 20:12:16','2022-09-02 15:04:16'),(4,80,38,'Expedita tempora libero perferendis ea facilis sapiente. Corporis sit velit ullam pariatur minus ut assumenda. At id iure dolores. Aspernatur reiciendis aut voluptates.',0,0,'1972-08-27 01:54:52','2022-09-02 15:04:16'),(5,82,36,'Non vel minima eius ipsum velit animi. Soluta optio repudiandae perferendis. Delectus qui accusantium omnis deserunt non odio.',1,1,'2011-12-21 20:08:29','2022-09-02 15:04:16'),(6,70,40,'Autem quod officia quidem odit. Omnis vitae rerum facere eum. Enim vero repudiandae cumque sit.',1,0,'1991-09-03 14:14:10','2022-09-02 15:04:16'),(7,6,35,'Sequi sint cupiditate quia quae. Iure accusamus reiciendis a rem ut veniam et. Repudiandae veniam qui assumenda beatae inventore quos qui. Dicta qui voluptate recusandae itaque voluptate.',0,0,'1983-09-09 20:58:51','2022-09-02 15:04:16'),(8,17,6,'Voluptatem neque aut aut repellendus quo aperiam unde eum. Est ut exercitationem dolor pariatur vel. Sunt temporibus non consectetur id nobis nesciunt consequatur. Est commodi illum eum quia. Inventore enim blanditiis expedita eius.',0,1,'1994-04-01 18:50:47','2022-09-02 15:04:16'),(9,66,84,'Neque voluptate voluptates aut totam. Ad laborum natus iure ipsam magnam excepturi. Ad consectetur facere earum aut. Et quas deleniti quia odit necessitatibus.',0,0,'1997-11-05 22:47:16','2022-09-02 15:04:16'),(10,81,34,'Explicabo non quaerat molestiae veniam. Maxime optio sed fugiat voluptate eum totam alias. Temporibus aut dolore similique architecto. Minus qui consectetur aut consequuntur vitae dolores nobis. Mollitia rerum expedita fugiat inventore quibusdam ipsam.',1,0,'1984-08-02 17:43:04','2022-09-02 15:04:16'),(11,5,88,'Ad et unde officiis et praesentium ratione. Aut voluptatem in exercitationem quis nemo modi. Voluptates ut quis ducimus totam. Sequi est cupiditate commodi unde sequi in. Voluptates ratione soluta dolores ea ut sit nam adipisci.',1,0,'2017-11-02 10:33:40','2022-09-02 15:04:16'),(12,82,69,'Rerum dolorem commodi et dolorum. Modi omnis quos eos culpa quos qui beatae. Quisquam eligendi est tenetur quaerat. Accusamus at quia soluta et.',1,1,'1989-08-16 17:43:22','2022-09-02 15:04:16'),(13,96,7,'Iusto labore sed sunt quod officiis. Voluptates tenetur aut impedit sed dolorem tenetur. Atque ipsam repellat et sint similique voluptate tempore. Mollitia est debitis rerum.',1,0,'2019-11-18 09:03:05','2022-09-02 15:04:16'),(14,31,17,'Eum nostrum voluptatibus perferendis molestias saepe perferendis praesentium. Ea fuga qui iusto consectetur quia eos nesciunt autem. Commodi suscipit minus explicabo eligendi cum beatae voluptatem. Illo harum inventore rerum tenetur sit sint vitae.',1,1,'1995-08-12 19:01:36','2022-09-02 15:04:16'),(15,69,58,'Neque nesciunt numquam est deleniti sunt optio. Fuga animi saepe aperiam aperiam mollitia voluptatibus. Necessitatibus illo nemo eos neque.',0,0,'1977-09-22 21:37:57','2022-09-02 15:04:16'),(16,51,48,'Ad accusamus incidunt est aut inventore. Exercitationem distinctio magni est optio suscipit. Exercitationem quae doloribus quos quasi natus veniam. Provident ea provident aut aspernatur amet soluta.',0,0,'1995-05-05 01:08:54','2022-09-02 15:04:16'),(17,46,81,'Et molestiae at adipisci impedit. Minus minus eveniet eos vel. Iste vel dignissimos laboriosam accusamus provident. Quis fugiat ipsum dolorem pariatur. Exercitationem nisi iusto omnis.',1,0,'2000-07-08 18:47:33','2022-09-02 15:04:16'),(18,75,14,'Et in pariatur quos ad ipsa dolores. Delectus quis debitis est tenetur est ad consequuntur. Est iste sequi magnam blanditiis et et. Excepturi neque et autem qui voluptas.',0,1,'1979-09-29 05:48:44','2022-09-10 12:13:09'),(19,39,30,'Et et nihil ea qui distinctio et cumque. Qui rerum nostrum doloribus est sunt aut nemo et. Nesciunt nobis autem dolorem quia distinctio necessitatibus veniam. Eaque ut itaque repellendus iusto facilis dolorem non.',1,0,'2001-05-09 19:24:50','2022-09-02 15:04:16'),(20,68,28,'Quaerat quos soluta est illo. Enim facilis quia eos itaque. Et repudiandae aut fuga quaerat voluptatem. Consequatur animi iusto pariatur vitae ex aut. Modi laborum non et quam alias quisquam cum dicta.',1,0,'1988-06-16 03:09:51','2022-09-02 15:04:16'),(21,21,62,'Molestiae quia maiores animi quis. Autem est qui eum expedita eum.',0,1,'1978-12-06 20:06:19','2022-09-02 15:04:16'),(22,3,21,'Expedita est ut accusamus corrupti beatae et. Maiores repellat est est optio. Autem architecto quaerat ut est quo adipisci.',0,0,'1983-11-11 14:06:31','2022-09-02 15:04:16'),(23,51,32,'Quod suscipit omnis sunt harum delectus quisquam est. Qui voluptatem molestias illum illum voluptatem mollitia recusandae. Voluptatem dolor dolorum et molestias in omnis. Ut debitis dolorum et qui.',1,0,'1985-12-21 21:44:15','2022-09-02 15:04:16'),(24,47,8,'Adipisci quo rerum porro optio consectetur assumenda. Eos quasi odit eveniet repudiandae exercitationem alias dolorum corrupti. Animi rerum magnam voluptatum illo deserunt.',1,0,'2001-11-17 18:12:30','2022-09-02 15:04:16'),(25,82,68,'Iure sunt minus facere. Earum consequatur qui maiores rerum id. Impedit illo ea ex fuga.',0,0,'1990-06-13 06:41:58','2022-09-02 15:04:16'),(26,68,6,'Quia autem voluptatem labore et minus perferendis nostrum suscipit. Officiis repellat quisquam odio commodi id amet ea molestiae. Iste et sint sunt consequuntur.',1,1,'1981-11-11 06:38:47','2022-09-02 15:04:16'),(27,92,99,'Modi quas quos magni sint est consequatur. Sint et quod quia cupiditate consequatur eos. Deserunt nostrum accusantium ducimus sapiente.',0,1,'1993-10-05 21:02:01','2022-09-02 15:04:16'),(28,55,21,'Sed ut veniam eum eos doloremque aut. Consequatur sapiente eum nulla. Illo iste eveniet quasi quasi dolor.',1,0,'2006-09-09 06:12:24','2022-09-02 15:04:16'),(29,1,9,'Et porro aliquam inventore perferendis exercitationem eveniet est nobis. Vitae inventore ut voluptate expedita a magni. Officia animi dolor sapiente voluptas in nihil dicta.',1,0,'1986-12-29 15:38:34','2022-09-02 15:04:16'),(30,37,77,'Cumque nulla eum odit fuga aut omnis quia. Similique voluptas deleniti sunt. Laboriosam quia explicabo dolorem sed et quas. Autem accusamus facilis quibusdam qui quo.',0,0,'1993-03-31 19:37:37','2022-09-02 15:04:16'),(31,81,81,'Nemo ratione est aliquid doloribus eos at quo. Alias delectus illum et aut. Accusamus totam eos ut occaecati inventore quo eos exercitationem.',0,0,'2011-03-02 09:33:38','2022-09-02 15:04:16'),(32,96,36,'Aut delectus et vitae in amet adipisci suscipit. Tempora distinctio sapiente qui. Quisquam sequi omnis sint quisquam voluptates veritatis. Dolore ut sit distinctio dolorem et eos quo atque. Sunt quod iure velit sint ipsum aut.',1,1,'2017-07-26 00:29:41','2022-09-02 15:04:16'),(33,36,44,'Est perspiciatis maiores similique id in veritatis. Aliquam voluptatem dolor laboriosam impedit quis dignissimos ullam. Et eos aut quibusdam qui deleniti. Corporis tenetur vel rem numquam non blanditiis. Possimus delectus itaque beatae hic magni aperiam error.',1,0,'1998-10-22 13:51:02','2022-09-02 15:04:16'),(34,92,10,'Accusamus atque commodi magni architecto. Possimus quaerat autem recusandae amet pariatur ratione. Nam accusamus sint dolores repudiandae. Illo rerum qui sed voluptatem est animi.',0,0,'1997-12-18 14:01:47','2022-09-02 15:04:16'),(35,52,85,'Et vel quia dolorem. Dolorem qui ipsum voluptas. Labore molestias minima neque consequatur.',1,1,'1972-07-08 17:12:30','2022-09-02 15:04:16'),(36,82,21,'Non quidem praesentium minima quos. Eum adipisci dolor ut earum ea dicta. Doloribus aut ut eos quasi nam quam. Est enim officia eum qui dolores.',0,1,'2008-02-08 22:03:05','2022-09-02 15:04:16'),(37,53,25,'Nihil iste non ut nihil tenetur dolores. Atque rem qui dolore et consectetur.',1,1,'2015-05-19 03:04:47','2022-09-02 15:04:16'),(38,18,84,'Nihil et minima dicta rem libero. Tempora quibusdam repellendus ad accusamus. Sed sint odio et illo maxime omnis ipsa quam. Ut omnis necessitatibus quis omnis. Culpa hic unde quod.',1,1,'1987-11-18 08:32:25','2022-09-02 15:04:16'),(39,31,63,'Et a officiis inventore nemo sequi rerum. Sed non facilis sed in consequatur molestiae sunt. Libero ipsam aperiam repudiandae. Consequatur ea officiis tempora voluptatem non.',1,0,'1992-10-22 09:02:33','2022-09-02 15:04:16'),(40,100,39,'Quidem iusto quos sunt in illo blanditiis distinctio nihil. Qui quod deserunt velit quibusdam. Sit corporis nostrum dolor architecto soluta sed accusamus molestiae. Sit optio ea nam.',1,0,'1980-07-15 14:28:06','2022-09-02 15:04:16'),(41,8,75,'Officiis molestias et odit in. Aut quis cumque delectus. Nisi ut error aspernatur nobis et laboriosam. Earum deserunt inventore rem repudiandae.',1,1,'2013-02-10 14:59:22','2022-09-02 15:04:16'),(42,38,70,'Et libero dolor natus aliquid quis assumenda assumenda. Veritatis aut animi dolore odio maiores.',0,1,'2002-06-22 13:31:30','2022-09-02 15:04:16'),(43,64,40,'Non dolorum quisquam officiis maiores sunt. Aut sed laborum non tempore officiis perferendis. Temporibus non quas sed est eius est non. Necessitatibus est rerum necessitatibus commodi doloribus aliquam.',1,0,'2003-12-16 15:00:41','2022-09-02 15:04:16'),(44,8,33,'Quos ut id ut nisi dolores voluptate velit. Magni aspernatur qui earum nulla. Provident quisquam cum eveniet.',1,1,'1992-04-21 08:30:07','2022-09-02 15:04:16'),(45,47,70,'Consectetur dolor amet explicabo eum aperiam. Laudantium sit voluptatem et autem placeat eveniet voluptas minima.',0,0,'1996-04-07 13:45:58','2022-09-02 15:04:16'),(46,12,20,'Eius nemo facere aliquam. Consequatur qui qui repellendus laborum. Quas non corporis asperiores voluptatum quis consequatur.',1,0,'2003-12-27 22:58:12','2022-09-02 15:04:16'),(47,18,42,'Sapiente qui sed ea officia omnis minus sed deleniti. Minima amet quasi ad nulla neque. Ducimus asperiores assumenda qui nobis quibusdam tempore. Perferendis maiores porro et vero sint est.',0,1,'2021-03-02 09:00:38','2022-09-02 15:04:16'),(48,53,10,'Maiores consequatur id laudantium ipsum in nihil. Voluptatibus dolorem aut sequi a explicabo sed et. Dolor ab rerum enim quisquam qui et. Iure odit magni delectus dolore culpa voluptatem. Numquam aut quasi quo minus ipsam.',1,1,'1986-10-18 06:21:39','2022-09-02 15:04:16'),(49,13,3,'Repudiandae provident voluptas ipsam excepturi earum. Est ut est dolores libero. Voluptates eligendi maxime quis commodi ullam. Reprehenderit tempora aliquam praesentium qui et et consequatur.',1,0,'1972-05-15 12:42:21','2022-09-02 15:04:16'),(50,2,72,'Aut qui dolor adipisci est. Delectus unde suscipit hic quia quae consequatur blanditiis amet. Dolore repellendus sit enim est eos quas labore et. Provident sit reiciendis modi sit aut.',0,0,'1978-11-12 04:39:30','2022-09-02 15:04:16'),(51,71,43,'Quaerat beatae et assumenda ab porro amet harum. Autem nihil non blanditiis et. Magni dolores ex qui aut sint.',1,0,'2020-07-24 20:01:43','2022-09-02 15:04:16'),(52,50,54,'Doloremque ut soluta quia veniam nam. Qui omnis voluptas dolor corrupti culpa beatae officia. Occaecati dolores illo nulla ad.',0,1,'1986-01-04 14:35:45','2022-09-02 15:04:16'),(53,38,41,'Illum exercitationem eum repudiandae deleniti voluptas. Corrupti nihil vel temporibus sit necessitatibus voluptate enim. Itaque autem qui sit eum cum.',1,0,'1983-12-15 11:54:17','2022-09-02 15:04:16'),(54,37,91,'Omnis neque sequi quasi saepe perspiciatis. Rerum veniam incidunt vero adipisci voluptas perferendis et. Et dolorem ullam aperiam dolores magni et. Earum quae in quas quisquam laboriosam commodi. Autem voluptatem et quibusdam perferendis ut praesentium earum.',0,1,'2020-03-07 01:23:59','2022-09-02 15:04:16'),(55,71,44,'Qui sed est debitis velit natus. Ad natus dolores et dolor pariatur aliquid voluptatem modi. Qui qui hic sequi ipsum consectetur.',1,0,'2017-06-09 05:33:56','2022-09-02 15:04:16'),(56,44,26,'Commodi corrupti nihil magni sequi fugiat est. Aut veniam quibusdam perferendis molestiae vero consequatur magnam dolores. Expedita laborum itaque laudantium eos nemo consequatur excepturi. Dolorem quaerat cupiditate molestiae cumque.',1,1,'2013-02-06 03:14:04','2022-09-02 15:04:16'),(57,7,89,'Modi rerum et aspernatur iure. Enim corrupti non quibusdam numquam cumque. Quos et consequuntur vel ad suscipit omnis. Dolores ullam eveniet dolor et.',1,0,'1994-11-03 07:07:03','2022-09-02 15:04:16'),(58,100,61,'Ipsam repudiandae laboriosam et sed veniam. Excepturi eveniet qui sed quo vero sed. Sed facere commodi qui repudiandae.',0,1,'2016-10-25 14:26:26','2022-09-02 15:04:16'),(59,80,44,'Magni praesentium in enim et ad. Eum soluta facere aperiam itaque quia. Non repudiandae quis et quaerat ea. Necessitatibus necessitatibus dolorem debitis dolores esse. Ad qui sapiente sit minima cupiditate et.',1,0,'1981-11-14 05:37:59','2022-09-02 15:04:16'),(60,98,84,'Corporis vel aut laboriosam nisi exercitationem id ducimus et. Sit ab cumque ipsa ipsum beatae impedit. Est voluptatum veniam error. Et et nobis distinctio vero dolores tenetur et.',0,1,'2021-08-06 13:59:47','2022-09-02 15:04:16'),(61,50,97,'Quam consequuntur sunt saepe ducimus in ullam sed reprehenderit. Praesentium voluptatem exercitationem doloribus natus placeat optio. Ut culpa et et nemo fuga nam. Voluptatem quidem unde qui neque vel enim voluptatem sed.',1,0,'1972-07-15 12:07:30','2022-09-02 15:04:16'),(62,55,90,'Voluptatem ea illum veniam quidem rem pariatur cumque molestiae. Magni officia velit unde laborum qui nostrum. Est nihil libero rerum sunt quas suscipit quasi. Quidem voluptatem nihil molestiae qui aut.',1,0,'1998-06-13 07:29:47','2022-09-02 15:04:16'),(63,26,35,'Nesciunt ut qui et animi eveniet vitae odit. Inventore pariatur error quo dolores.',1,1,'2020-02-06 19:58:38','2022-09-02 15:04:16'),(64,62,39,'Provident dicta voluptatibus in et earum possimus itaque. Id qui ut id. Iste pariatur iure eaque vel laudantium necessitatibus consequatur. Dolorem est adipisci aut accusamus.',0,0,'2005-03-26 00:11:07','2022-09-02 15:04:16'),(65,33,27,'Tenetur consequatur adipisci eveniet consequatur non. Inventore consequatur necessitatibus ex nulla. Voluptatem quaerat totam blanditiis eveniet ipsam voluptas aut. Consequatur quia ut itaque laboriosam.',0,1,'1978-12-17 10:11:04','2022-09-02 15:04:16'),(66,78,64,'Aperiam veritatis dolorum totam. Enim aut tempore architecto quae qui corrupti omnis corrupti.',0,1,'1979-02-24 10:12:13','2022-09-02 15:04:16'),(67,90,66,'Aut quis molestiae eius nulla repellendus et pariatur. Dolores non nihil modi nemo hic et. Voluptatem qui reiciendis vel consequatur nobis et facilis. In distinctio illo vel et dolores illo.',1,0,'1995-10-27 13:46:41','2022-09-02 15:04:16'),(68,14,66,'Impedit nostrum autem consequatur cupiditate omnis. Et ut nobis aut veniam quasi. Illum voluptas reprehenderit occaecati eos tempora sunt dolorum. Vitae voluptatem molestiae expedita aut perspiciatis.',0,0,'2017-01-11 15:15:20','2022-09-02 15:04:16'),(69,1,61,'Rerum accusantium facilis numquam consectetur assumenda quia. Aliquid pariatur cumque atque a aut. Sunt quod aspernatur sed ipsam tempora aut nihil.',0,1,'1993-04-27 15:59:27','2022-09-02 15:04:16'),(70,64,65,'Debitis natus sit accusantium aut repellendus. Distinctio molestias adipisci quos facilis sit dolorum autem. Nihil hic rerum inventore modi consequatur. Ipsum corrupti ut et alias molestiae aliquid.',1,0,'1990-01-23 05:52:48','2022-09-02 15:04:16'),(71,16,75,'Maxime reiciendis perferendis sequi error corporis voluptatem ut quas. Recusandae in ab beatae qui placeat nostrum. Facilis voluptatem autem sunt dolorum doloribus dicta quam.',0,1,'2002-06-29 21:28:41','2022-09-02 15:04:16'),(72,88,34,'Corrupti magnam consectetur deleniti dignissimos similique vero recusandae. Repellat consequatur sunt asperiores excepturi. Molestias accusamus quo quis fuga eligendi aut beatae.',0,0,'1995-02-07 22:11:44','2022-09-02 15:04:16'),(73,93,60,'Sapiente ut aliquid expedita iusto et eos inventore. Illum eum rerum dolore velit. Numquam cumque neque voluptatibus harum architecto nam odit. Consequatur voluptas ut qui rerum id qui.',1,1,'2010-02-05 00:48:26','2022-09-02 15:04:16'),(74,97,33,'Facilis magnam saepe pariatur sed vero itaque. Esse voluptatem aliquid adipisci et omnis omnis error dicta. Tempore dolores qui libero eaque sed rerum facilis. Id hic placeat cum corporis.',0,1,'2017-12-25 17:12:53','2022-09-02 15:04:16'),(75,7,77,'Voluptatem eius omnis cum consequatur est culpa corrupti. Vel ut quibusdam aliquid eligendi. Aut recusandae ipsa quaerat magni odit totam ut. Nam et nulla voluptas.',1,1,'1984-07-29 18:39:31','2022-09-02 15:04:16'),(76,43,67,'Iste sequi accusamus impedit ipsum suscipit nihil. Laborum occaecati quaerat corporis. Autem placeat et voluptas nemo. Accusamus voluptatem voluptas tenetur consequuntur nam quia.',0,1,'1983-12-10 23:36:02','2022-09-02 15:04:16'),(77,94,70,'Est autem dolor est veniam accusantium sit laborum dicta. Ipsam molestiae sint cupiditate magni doloribus cupiditate corporis. Asperiores possimus id molestiae nihil. Voluptatum sit dolores enim laudantium.',0,0,'1980-04-01 01:55:46','2022-09-02 15:04:16'),(78,42,27,'Atque sit repudiandae illum. Eveniet ut provident aliquid nam voluptas. Qui autem consequatur molestias et eveniet est.',1,1,'2006-05-09 12:57:21','2022-09-02 15:04:16'),(79,28,84,'Numquam hic quo sed quam. Quia ad esse ad consequatur. Harum et minus velit aut. Nihil est unde possimus porro harum quo.',1,1,'1998-12-05 03:46:35','2022-09-02 15:04:16'),(80,13,42,'Est dolor autem saepe. Dignissimos et mollitia ut quas. Magnam ut perspiciatis id necessitatibus eos. Cum dolorem odit vel dignissimos minima eum non.',0,0,'2014-07-12 15:11:14','2022-09-02 15:04:16'),(81,80,32,'Velit ut iste dolore voluptatem provident ducimus id molestiae. Repellat ipsum iste id qui. Modi impedit natus eligendi fugit illo.',1,0,'1974-07-02 15:05:01','2022-09-02 15:04:16'),(82,61,26,'Distinctio debitis soluta iusto sequi aut consectetur facere. Ipsum similique recusandae porro ut repellendus. Alias debitis excepturi at vitae voluptatem nobis voluptas. Modi sit voluptatibus in praesentium perspiciatis.',0,0,'2002-06-05 10:51:45','2022-09-02 15:04:16'),(83,64,96,'Aliquid ut quod iure voluptas dolorem. Aut ut odio nulla soluta. Quasi rerum perferendis alias magni fugiat.',1,0,'2020-07-28 11:08:06','2022-09-02 15:04:16'),(84,36,85,'Culpa ipsam eos ipsam vero ut officiis officia a. Quaerat dignissimos deleniti rem quibusdam omnis dolores consequuntur. Culpa qui ex iusto dolorum voluptate. Earum aut occaecati id perferendis cum.',1,0,'1978-01-14 10:14:09','2022-09-02 15:04:16'),(85,88,40,'Odio ipsum omnis aut. Ut facere ipsam laboriosam voluptas ullam corrupti. Dolores velit et distinctio impedit. In et natus qui non tempore qui placeat.',0,1,'2018-05-02 07:35:12','2022-09-02 15:04:16'),(86,33,94,'Expedita quis vero vel quibusdam reprehenderit odit. Et porro vero officia aperiam.',0,0,'1982-04-25 13:22:54','2022-09-02 15:04:16'),(87,98,14,'Id omnis consequatur praesentium non sed consequatur voluptas. Illum aliquam est sunt numquam hic aperiam sit. Vero ullam voluptatem et perferendis. Esse rerum porro dolor delectus odio sequi dignissimos.',1,1,'2014-07-08 18:37:09','2022-09-02 15:04:16'),(88,93,28,'Ullam rerum assumenda aut in est vel. Consequuntur dolores ullam non nihil sed est. Quo temporibus repudiandae ratione labore recusandae officiis eaque repellendus. Explicabo et fuga earum repellendus ut dolor blanditiis odio.',0,1,'2011-10-15 06:34:01','2022-09-02 15:04:16'),(89,69,2,'Quis voluptatum velit aut eaque omnis itaque animi. Quia quo quo necessitatibus non. Iusto et veniam quasi quod.',0,0,'1980-05-07 13:05:30','2022-09-02 15:04:16'),(90,68,72,'Nesciunt vel doloribus quos voluptas accusantium. Corrupti ipsa blanditiis ipsa commodi architecto temporibus at. Laboriosam est quia occaecati vel voluptates qui autem. Quaerat temporibus necessitatibus aspernatur voluptatem quia nemo eius. Omnis aspernatur voluptatem est aliquid incidunt totam laboriosam.',0,1,'1973-05-19 09:29:12','2022-09-02 15:04:16'),(91,31,52,'Facere sit qui tempora odio. Sed iste facere illum quibusdam. Sed doloremque et soluta impedit eius aut numquam.',0,0,'1977-12-23 03:18:25','2022-09-02 15:04:16'),(92,50,30,'Autem earum est non voluptatem. Doloremque exercitationem nulla unde reiciendis illo dicta aliquam.',0,1,'2022-03-10 09:05:42','2022-09-02 15:04:16'),(93,56,95,'Voluptas sit enim alias alias et. Aut et est eos sed. Totam quis doloribus ipsa.',0,1,'2005-06-11 10:53:48','2022-09-02 15:04:16'),(94,28,40,'Numquam aut quis corrupti. Qui dolores quae iste et delectus. Et eaque id et dolor.',1,1,'1989-06-02 16:56:21','2022-09-02 15:04:16'),(95,73,89,'Sit alias voluptas consequatur perferendis. Odio deserunt fugit expedita enim nihil culpa similique dolorum. Dolor ut dolores impedit placeat.',0,0,'1993-07-07 23:12:43','2022-09-02 15:04:16'),(96,82,26,'Doloribus aut voluptatum optio ut cum. Nisi vel ut fuga in. Cupiditate quia cum incidunt eos distinctio illum similique. Est nemo nostrum distinctio aperiam ullam. Earum reprehenderit et dolorum pariatur cupiditate impedit corporis odit.',1,0,'1988-12-03 11:04:14','2022-09-02 15:04:16'),(97,88,92,'Et sunt modi non distinctio quibusdam. Dolores saepe assumenda dolor eligendi est et assumenda. Optio dolores repudiandae iste eius.',1,1,'1985-09-28 14:38:49','2022-09-02 15:04:16'),(98,96,7,'Cupiditate autem adipisci eveniet soluta sint. Rerum at unde iste illo voluptas ea enim.',0,1,'1984-04-23 05:22:30','2022-09-02 15:04:16'),(99,13,7,'Nostrum reprehenderit quod porro minus ut omnis. Excepturi vitae quis debitis. Aperiam ipsam impedit dolores facere voluptatum sequi.',1,1,'1982-05-01 03:36:48','2022-09-02 15:04:16'),(100,76,71,'In occaecati molestiae illo molestiae quam qui. Est necessitatibus quo ullam ducimus quod. Vitae dolorem nulla quod.',1,0,'1984-06-19 16:00:04','2022-09-02 15:04:16');
/*!40000 ALTER TABLE `messages` ENABLE KEYS */;
UNLOCK TABLES;

--
-- Table structure for table `posts`
--

DROP TABLE IF EXISTS `posts`;
/*!40101 SET @saved_cs_client     = @@character_set_client */;
/*!50503 SET character_set_client = utf8mb4 */;
CREATE TABLE `posts` (
  `id` int unsigned NOT NULL AUTO_INCREMENT COMMENT 'Идентификатор строки',
  `user_id` int unsigned NOT NULL COMMENT 'Ссылка на пользователя',
  `post` text CHARACTER SET utf8mb4 COLLATE utf8mb4_unicode_ci NOT NULL COMMENT 'Текст поста',
  `likes_id` int unsigned NOT NULL COMMENT 'Ссылка на лайки',
  `created_at` datetime DEFAULT CURRENT_TIMESTAMP COMMENT 'Время создания строки',
  `updated_at` datetime DEFAULT CURRENT_TIMESTAMP ON UPDATE CURRENT_TIMESTAMP COMMENT 'Время обновления строки',
  PRIMARY KEY (`id`)
) ENGINE=InnoDB AUTO_INCREMENT=101 DEFAULT CHARSET=utf8mb4 COLLATE=utf8mb4_unicode_ci COMMENT='Посты';
/*!40101 SET character_set_client = @saved_cs_client */;

--
-- Dumping data for table `posts`
--

LOCK TABLES `posts` WRITE;
/*!40000 ALTER TABLE `posts` DISABLE KEYS */;
INSERT INTO `posts` VALUES (1,1,'284',388,'1990-01-13 16:47:56','1996-11-14 21:47:57'),(2,2,'460',864,'2015-05-21 10:30:05','2011-12-22 08:08:34'),(3,3,'575',950,'2000-04-14 01:59:30','1986-09-15 11:57:18'),(4,4,'160',931,'2010-04-23 16:40:16','1992-06-18 15:44:41'),(5,5,'077',425,'2011-07-09 23:08:03','2022-01-09 19:53:27'),(6,6,'985',126,'1994-07-13 11:32:38','1993-02-27 14:00:16'),(7,7,'137',688,'1979-05-26 18:14:57','2005-05-17 00:33:41'),(8,8,'491',624,'1992-08-30 23:50:40','1986-01-10 01:43:35'),(9,9,'941',889,'1986-01-21 17:45:21','1984-05-21 06:08:37'),(10,10,'576',763,'1986-12-18 19:25:55','2020-11-30 09:28:07'),(11,11,'450',101,'2015-01-22 05:02:53','1980-04-08 16:13:02'),(12,12,'199',347,'2005-07-21 01:10:37','1989-03-14 08:38:29'),(13,13,'419',827,'2020-10-29 04:15:15','1994-08-04 13:21:16'),(14,14,'547',115,'1987-10-25 05:45:51','1972-09-01 06:16:02'),(15,15,'305',625,'2002-02-21 22:26:18','1980-03-27 14:09:33'),(16,16,'889',663,'1980-11-09 18:33:10','2022-05-29 22:28:28'),(17,17,'541',582,'2007-09-07 05:00:26','1984-09-09 13:28:59'),(18,18,'456',119,'2001-07-11 05:52:11','2005-05-26 00:39:46'),(19,19,'411',280,'1977-07-20 18:32:52','2011-03-21 03:01:18'),(20,20,'212',359,'1974-11-03 13:41:51','2014-11-29 06:00:28'),(21,21,'548',874,'1981-04-07 22:39:14','1970-10-21 00:13:44'),(22,22,'049',288,'1998-11-02 03:53:55','2013-12-26 20:14:52'),(23,23,'457',782,'2021-02-26 20:38:37','1976-05-17 18:56:52'),(24,24,'553',649,'1997-04-24 23:57:31','2008-11-27 20:05:04'),(25,25,'112',653,'1971-08-07 08:14:21','1995-04-18 13:50:50'),(26,26,'730',658,'2009-01-02 17:16:15','1988-10-21 01:06:11'),(27,27,'202',670,'1993-09-20 10:28:12','2021-08-21 16:41:31'),(28,28,'420',970,'2018-07-29 05:49:14','1985-03-24 22:34:08'),(29,29,'690',673,'2017-02-02 12:42:24','2000-02-01 03:23:34'),(30,30,'894',517,'1974-05-27 04:40:01','2009-01-23 22:13:55'),(31,31,'819',28,'2010-04-25 08:32:45','1983-05-09 16:23:12'),(32,32,'747',204,'2014-11-08 00:12:11','1986-08-26 19:43:54'),(33,33,'415',495,'2013-06-11 07:46:14','2003-03-21 13:37:44'),(34,34,'250',187,'2010-07-17 14:43:58','1985-10-19 00:06:10'),(35,35,'551',448,'1998-04-05 10:22:01','2017-01-26 00:13:04'),(36,36,'483',195,'1995-04-21 23:56:07','1988-01-17 04:29:06'),(37,37,'819',119,'2008-06-09 14:55:29','1984-10-28 23:24:13'),(38,38,'572',433,'1984-08-04 10:32:06','1971-02-02 13:15:25'),(39,39,'740',536,'2018-10-22 11:43:38','1995-07-14 02:16:09'),(40,40,'706',532,'1982-03-14 04:21:06','1990-04-05 14:47:04'),(41,41,'941',43,'1970-01-31 12:26:27','2012-03-02 17:22:38'),(42,42,'958',747,'2016-11-26 19:03:29','1980-05-29 20:21:00'),(43,43,'429',738,'1984-10-25 22:53:45','1974-09-12 05:37:34'),(44,44,'596',165,'1989-07-04 21:43:47','2010-10-11 06:03:02'),(45,45,'601',296,'1976-07-18 04:59:26','1970-01-12 18:19:17'),(46,46,'752',961,'1993-11-30 20:22:18','1980-06-29 19:28:33'),(47,47,'387',818,'2005-02-28 00:22:38','1977-07-06 20:30:37'),(48,48,'092',501,'2011-07-28 14:05:44','2004-04-09 14:20:50'),(49,49,'105',277,'2008-11-25 05:39:02','2016-06-20 06:21:15'),(50,50,'842',842,'1980-11-25 20:28:40','1991-09-08 04:17:06'),(51,51,'353',433,'1982-11-06 03:47:16','1997-12-10 00:28:27'),(52,52,'167',95,'2005-07-13 09:02:30','2001-04-23 10:16:40'),(53,53,'687',785,'1999-02-20 19:36:21','2002-01-07 06:54:22'),(54,54,'982',686,'2018-02-06 00:35:12','2017-11-06 16:17:29'),(55,55,'263',346,'1995-05-28 18:46:41','1983-01-27 11:34:33'),(56,56,'097',637,'2014-04-29 16:27:34','2014-09-04 08:29:22'),(57,57,'281',346,'2001-11-15 18:45:25','2003-10-17 13:40:39'),(58,58,'031',948,'1996-03-23 16:59:32','2016-08-11 01:43:41'),(59,59,'570',624,'1982-05-28 07:26:14','1973-11-25 09:27:13'),(60,60,'674',409,'2009-05-31 21:16:58','2010-02-16 00:35:25'),(61,61,'279',252,'1974-07-01 19:39:37','2014-09-21 16:00:48'),(62,62,'747',820,'2003-08-15 06:03:21','1985-07-09 02:22:06'),(63,63,'111',441,'2000-07-02 16:54:52','1988-04-20 20:52:24'),(64,64,'653',634,'1992-03-15 13:38:36','2012-05-25 02:33:46'),(65,65,'196',795,'1990-06-23 20:01:44','1989-03-02 06:48:48'),(66,66,'575',233,'2018-05-05 15:08:11','2007-10-03 21:34:08'),(67,67,'125',61,'2020-10-29 01:19:20','1988-01-26 21:42:39'),(68,68,'500',605,'2006-07-22 21:52:14','2020-01-22 03:34:21'),(69,69,'183',393,'2013-11-27 02:42:39','2021-01-04 04:41:29'),(70,70,'863',966,'1976-04-16 04:43:46','2015-08-02 22:40:38'),(71,71,'951',562,'2008-01-03 09:24:20','1991-03-23 18:28:44'),(72,72,'414',551,'1998-09-20 23:05:16','2006-04-08 00:25:38'),(73,73,'585',293,'1986-08-30 17:00:07','2010-06-21 03:20:59'),(74,74,'843',118,'2005-01-31 05:11:12','1986-09-12 12:43:14'),(75,75,'214',642,'1997-02-15 10:01:04','1991-04-18 15:11:43'),(76,76,'523',264,'2002-07-22 06:14:59','1977-10-11 00:46:12'),(77,77,'980',511,'1984-03-04 06:19:14','2015-10-29 23:47:59'),(78,78,'654',281,'2007-05-01 14:57:50','1982-04-05 12:16:56'),(79,79,'418',938,'1989-07-12 06:04:09','1970-09-03 02:13:40'),(80,80,'450',501,'2012-12-01 22:11:47','1981-05-29 01:13:09'),(81,81,'898',50,'2015-10-27 22:17:03','2009-03-15 20:13:44'),(82,82,'445',307,'1970-03-04 20:08:11','1985-02-11 06:38:09'),(83,83,'113',378,'2011-02-25 16:46:58','1970-02-07 08:33:02'),(84,84,'156',837,'1993-01-22 21:34:03','2006-12-22 07:09:14'),(85,85,'069',501,'2022-01-20 22:40:56','2011-02-23 21:11:43'),(86,86,'497',569,'2016-03-24 08:55:02','2001-08-04 00:47:14'),(87,87,'814',444,'1993-03-28 18:57:52','2000-04-04 04:32:18'),(88,88,'241',493,'2017-12-03 16:51:46','2017-08-31 10:43:32'),(89,89,'915',973,'2007-09-26 18:35:04','2007-04-25 14:43:39'),(90,90,'870',534,'2010-02-21 07:25:11','1977-01-28 21:43:56'),(91,91,'915',132,'1996-07-31 16:23:14','1977-11-17 15:50:44'),(92,92,'310',158,'1984-09-10 20:31:34','2011-11-11 00:13:17'),(93,93,'900',965,'1984-12-04 14:38:51','2012-03-26 19:01:53'),(94,94,'346',600,'1986-10-14 06:41:15','1991-02-15 01:23:56'),(95,95,'869',832,'2000-06-21 11:59:05','2005-09-14 15:05:49'),(96,96,'516',857,'2015-10-05 10:09:05','1988-03-31 09:28:55'),(97,97,'842',56,'2010-10-08 15:20:21','1999-09-03 22:43:26'),(98,98,'120',30,'2010-10-14 04:21:24','2018-08-08 15:06:11'),(99,99,'303',338,'1977-08-10 02:27:56','2014-03-02 23:33:28'),(100,100,'296',288,'2002-12-14 17:55:24','1983-01-25 11:37:23');
/*!40000 ALTER TABLE `posts` ENABLE KEYS */;
UNLOCK TABLES;

--
-- Table structure for table `profiles`
--

DROP TABLE IF EXISTS `profiles`;
/*!40101 SET @saved_cs_client     = @@character_set_client */;
/*!50503 SET character_set_client = utf8mb4 */;
CREATE TABLE `profiles` (
  `user_id` int unsigned NOT NULL COMMENT 'Ссылка на пользователя',
  `gender` char(1) CHARACTER SET utf8mb4 COLLATE utf8mb4_unicode_ci NOT NULL COMMENT 'Пол',
  `birthday` date DEFAULT NULL COMMENT 'Дата рождения',
  `photo_id` int unsigned DEFAULT NULL,
  `user_status_id` int unsigned DEFAULT NULL,
  `city` varchar(130) CHARACTER SET utf8mb4 COLLATE utf8mb4_unicode_ci DEFAULT NULL COMMENT 'Город проживания',
  `country` varchar(130) CHARACTER SET utf8mb4 COLLATE utf8mb4_unicode_ci DEFAULT NULL COMMENT 'Страна проживания',
  `created_at` datetime DEFAULT CURRENT_TIMESTAMP COMMENT 'Время создания строки',
  `updated_at` datetime DEFAULT CURRENT_TIMESTAMP ON UPDATE CURRENT_TIMESTAMP COMMENT 'Время обновления строки',
  PRIMARY KEY (`user_id`),
  KEY `profiles_photo_id_fk` (`photo_id`),
  CONSTRAINT `profiles_photo_id_fk` FOREIGN KEY (`photo_id`) REFERENCES `media` (`id`) ON DELETE SET NULL,
  CONSTRAINT `profiles_user_id_fk` FOREIGN KEY (`user_id`) REFERENCES `users` (`id`) ON DELETE CASCADE
) ENGINE=InnoDB DEFAULT CHARSET=utf8mb4 COLLATE=utf8mb4_unicode_ci COMMENT='Профили';
/*!40101 SET character_set_client = @saved_cs_client */;

--
-- Dumping data for table `profiles`
--

LOCK TABLES `profiles` WRITE;
/*!40000 ALTER TABLE `profiles` DISABLE KEYS */;
INSERT INTO `profiles` VALUES (1,'m','2020-03-19',83,1,'Elviemouth','58499','1999-11-25 02:56:33','2022-09-02 14:42:57'),(2,'f','2005-02-22',96,1,'Edmondside','767','2007-01-16 05:59:58','2022-09-02 14:42:57'),(3,'f','1992-06-12',29,2,'Binsside','4628','2004-10-07 18:57:12','2022-09-02 14:42:57'),(4,'f','2003-03-29',57,2,'Abrahamchester','6923403','1987-12-25 12:13:34','2022-09-02 14:42:57'),(5,'m','2015-06-03',98,1,'Ortizmouth','51923','1979-09-07 04:22:43','2022-09-02 14:42:57'),(6,'f','1973-09-08',17,1,'North Ronny','50','1991-04-26 00:08:57','2022-09-02 14:42:57'),(7,'f','2002-04-25',92,1,'Lake Imaview','102458','1984-08-08 07:52:49','2022-09-02 14:42:57'),(8,'m','2001-08-15',7,2,'Lake Jamisonland','87815','1991-11-26 02:46:00','2022-09-02 14:42:57'),(9,'m','2019-01-26',59,1,'South Kaleighbury','83501076','1994-04-22 15:23:16','2022-09-02 14:42:57'),(10,'m','1973-10-03',72,2,'South Jordanechester','9','1980-12-17 11:59:41','2022-09-02 14:42:57'),(11,'f','1982-02-18',85,2,'Gaylordberg','897112','2021-05-27 08:30:50','2022-09-02 14:42:57'),(12,'m','2005-01-24',7,2,'Harmonyport','','1991-04-10 15:50:35','2022-09-02 14:42:57'),(13,'m','2016-11-20',81,2,'Port Leannaburgh','43422114','2017-06-15 00:07:25','2022-09-02 14:42:57'),(14,'m','2003-10-22',81,2,'New Camylle','59','1994-04-18 02:01:29','2022-09-02 14:42:57'),(15,'f','1994-02-15',62,1,'Lake Josephine','7013226','1982-10-08 21:09:06','2022-09-02 14:42:57'),(16,'f','1982-07-15',67,2,'Marlinland','71962083','1987-07-24 06:35:00','2022-09-02 14:42:57'),(17,'f','1982-07-31',49,2,'West Jaceychester','','1987-02-22 07:45:13','2022-09-02 14:42:57'),(18,'m','2002-08-11',41,2,'Lisaside','3','1979-09-21 23:34:51','2022-09-02 14:42:57'),(19,'m','2015-01-30',61,1,'North Aletha','96','1994-02-04 09:14:22','2022-09-02 14:42:57'),(20,'m','2002-12-04',78,1,'Port Gaylord','100916','2001-11-09 02:32:44','2022-09-02 14:42:57'),(21,'f','1977-10-14',9,1,'Port Edenton','7699','1985-10-15 02:50:38','2022-09-02 14:42:57'),(22,'f','2020-08-05',8,2,'West Rubiefurt','2648276','1971-07-15 16:32:10','2022-09-02 14:42:57'),(23,'m','1987-04-22',15,2,'Naomimouth','994487','1973-08-01 22:43:17','2022-09-02 14:42:57'),(24,'m','1988-09-08',50,2,'Ernestineshire','9771021','1984-03-12 10:28:52','2022-09-02 14:42:57'),(25,'f','1978-05-04',5,1,'New Jordane','2051761','2017-02-17 23:07:23','2022-09-02 14:42:57'),(26,'f','1991-11-01',75,2,'South Jessyhaven','','1981-11-12 14:24:18','2022-09-02 14:42:57'),(27,'m','2001-06-27',58,1,'New Osborneside','42','1971-03-17 16:43:14','2022-09-02 14:42:57'),(28,'m','2014-05-04',67,1,'South Florencio','','2019-06-19 12:14:21','2022-09-02 14:42:57'),(29,'m','1977-12-26',60,2,'Nayeliborough','1785322','2011-01-21 17:57:29','2022-09-02 14:42:57'),(30,'m','1983-04-15',97,2,'South Walter','656','1993-09-15 05:02:54','2022-09-02 14:42:57'),(31,'f','2015-02-06',4,1,'East Joebury','71','2010-05-31 09:49:24','2022-09-02 14:42:57'),(32,'m','1997-07-19',29,1,'Camylleville','17447','1973-08-10 13:52:02','2022-09-02 14:42:57'),(33,'f','1980-03-16',32,2,'North Braeden','5943','1975-04-05 18:18:20','2022-09-02 14:42:57'),(34,'m','1982-05-24',72,1,'Lake Tanner','26','1991-01-22 07:36:37','2022-09-02 14:42:57'),(35,'f','2016-01-04',63,1,'Alexzanderton','3','1994-09-15 13:37:23','2022-09-02 14:42:57'),(36,'f','2006-02-02',98,1,'Friesenmouth','763842','2013-08-07 11:45:56','2022-09-02 14:42:57'),(37,'m','2003-01-15',3,1,'Jasonland','9740','2009-05-14 21:38:55','2022-09-02 14:42:57'),(38,'m','1993-01-31',20,1,'New Lucy','96722616','1971-07-31 23:50:46','2022-09-02 14:42:57'),(39,'f','1971-03-04',92,2,'Isabellview','','2013-02-26 15:59:38','2022-09-02 14:42:57'),(40,'m','1997-08-06',97,1,'Lake Barton','468','1990-02-28 18:39:28','2022-09-02 14:42:57'),(41,'f','1980-11-29',9,1,'East Gust','9036','2016-03-29 02:25:20','2022-09-02 14:42:57'),(42,'m','2005-08-18',55,1,'Port Nicolas','10487226','1977-10-05 20:50:09','2022-09-02 14:42:57'),(43,'m','1975-01-11',49,2,'Pansybury','','2000-07-18 01:35:17','2022-09-02 14:42:57'),(44,'m','1982-06-30',77,1,'Waelchiview','80478636','1979-01-20 04:43:03','2022-09-02 14:42:57'),(45,'m','2003-03-04',36,1,'Zoefort','','1998-04-21 18:26:14','2022-09-02 14:42:57'),(46,'f','1975-07-17',50,2,'Tomasstad','3224468','1986-01-26 05:42:08','2022-09-02 14:42:57'),(47,'m','2012-01-09',43,2,'South Sarai','64','1979-07-15 12:38:45','2022-09-02 14:42:57'),(48,'f','2014-01-09',61,2,'Aprilhaven','6759','2005-02-22 21:23:34','2022-09-02 14:42:57'),(49,'f','1980-02-13',79,2,'South Ardella','4743','2002-11-12 16:09:24','2022-09-02 14:42:57'),(50,'m','1994-07-03',8,2,'Prudencefurt','','1991-02-13 01:53:55','2022-09-02 14:42:57'),(51,'f','1994-12-03',5,2,'Lake Devonte','861','1998-06-20 22:56:48','2022-09-02 14:42:57'),(52,'m','1986-01-02',2,2,'Turnerport','969663052','1972-01-26 22:08:17','2022-09-02 14:42:57'),(53,'f','1998-03-22',93,1,'Schuppemouth','27330485','1987-06-23 01:41:16','2022-09-02 14:42:57'),(54,'m','2020-07-18',57,2,'New Angelland','88','1992-01-13 10:37:46','2022-09-02 14:42:57'),(55,'f','1997-02-27',5,1,'South Dortha','27','1974-03-07 08:05:48','2022-09-02 14:42:57'),(56,'f','2016-02-26',56,1,'Johnnieshire','3969','1990-07-22 23:21:51','2022-09-02 14:42:57'),(57,'f','2001-06-22',62,1,'New Jordiport','','2008-07-04 16:19:51','2022-09-02 14:42:57'),(58,'m','1981-08-30',42,1,'Vivianeborough','5587','1986-10-15 20:27:31','2022-09-02 14:42:57'),(59,'m','2004-09-29',23,2,'West Rowanberg','28545','2021-01-05 02:49:04','2022-09-02 14:42:57'),(60,'m','1973-06-14',88,1,'Katelinborough','6474','1991-04-25 17:35:27','2022-09-02 14:42:57'),(61,'f','2006-12-30',70,1,'Murphyville','76','1988-02-04 04:09:17','2022-09-02 14:42:57'),(62,'f','2015-02-26',87,1,'Macejkovicmouth','58662054','2013-04-09 12:22:36','2022-09-02 14:42:57'),(63,'f','2022-06-18',23,1,'Stephenfurt','48995085','2010-10-09 12:01:41','2022-09-02 14:42:57'),(64,'m','1979-02-03',52,2,'New Zettabury','28406800','2003-03-31 08:05:07','2022-09-02 14:42:57'),(65,'f','1973-06-10',93,2,'Arnoldoport','89010','1982-12-14 15:51:19','2022-09-02 14:42:57'),(66,'m','2002-09-13',8,2,'Edmondtown','','1988-01-07 21:13:09','2022-09-02 14:42:57'),(67,'m','1985-01-18',59,1,'O\'Konview','8256','1990-06-22 00:28:41','2022-09-02 14:42:57'),(68,'f','2005-04-04',73,2,'Port Marlin','44857','2011-07-30 07:30:31','2022-09-02 14:42:57'),(69,'m','2008-12-11',88,2,'North Reuben','1','1992-03-11 22:04:20','2022-09-02 14:42:57'),(70,'f','1977-07-09',20,2,'Milliefurt','','1995-12-27 08:46:58','2022-09-02 14:42:57'),(71,'m','1991-08-20',35,1,'Lake Revashire','','2017-08-13 12:18:59','2022-09-02 14:42:57'),(72,'m','2013-09-14',15,2,'North Oral','44','2013-03-17 01:44:37','2022-09-02 14:42:57'),(73,'m','1975-08-27',67,1,'West Ubaldo','911','1982-09-25 12:41:58','2022-09-02 14:42:57'),(74,'m','1998-03-15',93,2,'Port Emilie','82636013','2015-10-13 10:34:36','2022-09-02 14:42:57'),(75,'f','2013-09-29',60,1,'South Mohamedchester','505081','2010-04-25 21:38:51','2022-09-02 14:42:57'),(76,'m','2007-09-22',24,1,'Abigailhaven','48834','2010-11-07 18:05:28','2022-09-02 14:42:57'),(77,'m','2016-07-23',37,2,'South Sandy','3471','1993-12-17 06:31:21','2022-09-02 14:42:57'),(78,'m','1986-08-08',13,1,'Robelview','','1975-03-17 04:31:19','2022-09-02 14:42:57'),(79,'m','2014-02-05',53,1,'North Wilbertchester','95263074','1983-10-23 22:22:20','2022-09-02 14:42:57'),(80,'f','1970-01-02',26,2,'Cicerohaven','527387098','2006-03-06 07:06:06','2022-09-02 14:42:57'),(81,'f','2021-11-05',69,2,'North Rosalyn','4906666','1980-01-04 00:39:24','2022-09-02 14:42:57'),(82,'f','1981-05-17',66,2,'Anabelshire','8','1982-04-05 18:44:54','2022-09-02 14:42:57'),(83,'m','1990-06-02',22,2,'South Abdul','14','2017-10-07 20:26:41','2022-09-02 14:42:57'),(84,'m','2013-05-05',14,2,'Rutherfordside','959','1981-05-05 16:03:36','2022-09-02 14:42:57'),(85,'m','1994-05-26',1,1,'Port Franktown','9316873','1988-06-19 01:29:08','2022-09-02 14:42:57'),(86,'f','1973-04-08',62,1,'Leonorberg','4933','1989-11-13 06:49:21','2022-09-02 14:42:57'),(87,'m','1984-08-11',8,1,'Kirlinborough','539720','1989-09-10 05:24:30','2022-09-02 14:42:57'),(88,'f','1977-04-05',53,2,'Kuhlmanstad','7737174','1970-04-23 14:02:59','2022-09-02 14:42:57'),(89,'m','2011-11-16',42,2,'Cormiertown','6599','1983-12-02 07:09:19','2022-09-02 14:42:57'),(90,'m','1984-06-24',47,1,'Hesselbury','45058','1990-09-22 07:45:05','2022-09-02 14:42:57'),(91,'f','2014-11-23',12,2,'East Adeliahaven','1373','2013-10-04 20:17:26','2022-09-02 14:42:57'),(92,'f','2019-02-17',19,2,'Ebertchester','2','2003-09-12 20:36:28','2022-09-02 14:42:57'),(93,'m','1992-05-30',56,2,'Ashtynview','321','1981-02-06 08:39:11','2022-09-02 14:42:57'),(94,'m','2014-04-29',22,2,'Port Osborneport','9134259','2013-11-21 23:57:09','2022-09-02 14:42:57'),(95,'m','2011-07-05',41,2,'South Aaliyah','225263','1985-01-19 17:08:03','2022-09-02 14:42:57'),(96,'f','2022-04-10',38,2,'Schultzville','811498','1995-09-27 11:50:49','2022-09-02 14:42:57'),(97,'m','1978-04-27',68,1,'South Beauchester','418886815','1971-12-26 20:56:39','2022-09-02 14:42:57'),(98,'m','2004-04-10',23,1,'Blandahaven','','1976-07-31 15:09:49','2022-09-02 14:42:57'),(99,'f','1983-04-11',12,2,'Runtechester','8819802','2010-04-24 07:06:14','2022-09-02 14:42:57'),(100,'f','1995-12-28',92,2,'New Kim','493123','1988-11-02 13:49:38','2022-09-02 14:42:57');
/*!40000 ALTER TABLE `profiles` ENABLE KEYS */;
UNLOCK TABLES;

--
-- Table structure for table `user_statuses`
--

DROP TABLE IF EXISTS `user_statuses`;
/*!40101 SET @saved_cs_client     = @@character_set_client */;
/*!50503 SET character_set_client = utf8mb4 */;
CREATE TABLE `user_statuses` (
  `id` int unsigned NOT NULL AUTO_INCREMENT COMMENT 'Идентификатор строки',
  `name` varchar(100) NOT NULL COMMENT 'Название статуса',
  `created_at` datetime DEFAULT CURRENT_TIMESTAMP COMMENT 'Время создания строки',
  `updated_at` datetime DEFAULT CURRENT_TIMESTAMP ON UPDATE CURRENT_TIMESTAMP COMMENT 'Время обновления строки',
  PRIMARY KEY (`id`)
) ENGINE=InnoDB AUTO_INCREMENT=3 DEFAULT CHARSET=utf8mb4 COLLATE=utf8mb4_0900_ai_ci COMMENT='Справочник стран';
/*!40101 SET character_set_client = @saved_cs_client */;

--
-- Dumping data for table `user_statuses`
--

LOCK TABLES `user_statuses` WRITE;
/*!40000 ALTER TABLE `user_statuses` DISABLE KEYS */;
INSERT INTO `user_statuses` VALUES (1,'single','2022-09-01 17:08:07','2022-09-01 17:08:07'),(2,'married','2022-09-01 17:08:07','2022-09-01 17:08:07');
/*!40000 ALTER TABLE `user_statuses` ENABLE KEYS */;
UNLOCK TABLES;

--
-- Table structure for table `users`
--

DROP TABLE IF EXISTS `users`;
/*!40101 SET @saved_cs_client     = @@character_set_client */;
/*!50503 SET character_set_client = utf8mb4 */;
CREATE TABLE `users` (
  `id` int unsigned NOT NULL AUTO_INCREMENT COMMENT 'Идентификатор строки',
  `first_name` varchar(100) CHARACTER SET utf8mb4 COLLATE utf8mb4_unicode_ci NOT NULL COMMENT 'Имя пользователя',
  `last_name` varchar(100) CHARACTER SET utf8mb4 COLLATE utf8mb4_unicode_ci NOT NULL COMMENT 'Фамилия пользователя',
  `email` varchar(100) CHARACTER SET utf8mb4 COLLATE utf8mb4_unicode_ci NOT NULL COMMENT 'Почта',
  `phone` varchar(100) CHARACTER SET utf8mb4 COLLATE utf8mb4_unicode_ci NOT NULL COMMENT 'Телефон',
  `created_at` datetime DEFAULT CURRENT_TIMESTAMP COMMENT 'Время создания строки',
  `updated_at` datetime DEFAULT CURRENT_TIMESTAMP ON UPDATE CURRENT_TIMESTAMP COMMENT 'Время обновления строки',
  PRIMARY KEY (`id`),
  UNIQUE KEY `email` (`email`),
  UNIQUE KEY `phone` (`phone`)
) ENGINE=InnoDB AUTO_INCREMENT=101 DEFAULT CHARSET=utf8mb4 COLLATE=utf8mb4_unicode_ci COMMENT='Пользователи';
/*!40101 SET character_set_client = @saved_cs_client */;

--
-- Dumping data for table `users`
--

LOCK TABLES `users` WRITE;
/*!40000 ALTER TABLE `users` DISABLE KEYS */;
INSERT INTO `users` VALUES (1,'Bridie','Haag','dejah.murray@example.org','(934)941-2865x878','1997-10-31 17:31:04','2003-05-30 05:51:50'),(2,'Willard','Dach','doyle.nicola@example.org','132.106.1844x39426','2021-05-26 11:24:15','2022-08-31 16:49:43'),(3,'Cathryn','Olson','marcelle46@example.com','1-607-396-4701','1997-10-07 16:48:49','2003-10-10 09:16:51'),(4,'Marge','Keeling','cfadel@example.com','929-149-3154x942','2001-07-03 02:58:50','2008-12-20 09:16:20'),(5,'Jerry','Herzog','fabernathy@example.org','07212727609','2004-12-10 02:54:25','2022-08-31 16:49:43'),(6,'Lucie','Parisian','angelo.connelly@example.org','1-508-641-7814x0795','1988-05-09 22:16:48','2003-09-03 03:54:09'),(7,'Celestine','Grant','lgreen@example.org','1-942-417-5973','1970-03-12 13:56:09','1999-06-29 20:01:57'),(8,'Kaya','Hane','noah28@example.org','931.464.5037','2003-08-02 17:22:30','2022-08-31 16:49:43'),(9,'Sandrine','Flatley','liliana.thiel@example.net','1-679-520-4689x792','2022-05-20 20:15:49','2022-08-31 16:49:43'),(10,'Nestor','Spinka','ardella11@example.net','+18(4)0537302347','1991-02-10 00:08:34','2002-05-16 13:58:17'),(11,'Merritt','Feeney','johnson.colten@example.com','(791)069-1866x145','2010-05-13 11:43:18','2022-08-31 16:49:43'),(12,'Nannie','Kiehn','chyatt@example.com','(968)616-6907x071','2013-12-21 04:00:07','2022-08-31 16:49:43'),(13,'Diego','Sipes','zwill@example.org','086.735.1958x788','2002-08-24 19:51:29','2013-03-08 07:43:46'),(14,'Haskell','Wehner','bkautzer@example.net','(624)295-9886x1247','2008-09-21 06:10:33','2022-08-31 16:49:43'),(15,'Kylie','Turner','karlee.mueller@example.net','(111)183-1427','2017-03-07 10:19:49','2022-08-31 16:49:43'),(16,'Demarcus','Aufderhar','randal84@example.com','719-121-0646x809','1973-06-03 05:11:00','1987-12-05 01:01:53'),(17,'Benny','Nolan','kcrist@example.net','00163220736','1979-05-08 06:26:19','1994-01-30 08:21:11'),(18,'Joan','Oberbrunner','jking@example.com','1-215-984-5832','1973-03-14 04:23:22','2010-05-30 11:51:13'),(19,'Beaulah','Boyer','aurelia99@example.org','(110)943-0521x896','1974-10-15 02:44:07','1977-02-16 03:05:52'),(20,'Bette','Bartoletti','janis38@example.com','03204476904','1972-06-18 14:54:34','1983-07-26 15:17:23'),(21,'Johnathon','Smith','robb.hagenes@example.com','(948)765-4314','1981-05-24 15:26:36','1989-08-14 01:24:00'),(22,'Mariam','Strosin','madams@example.net','912-631-9021','1981-06-19 12:00:23','2007-07-11 04:02:33'),(23,'Nina','Grant','alan97@example.net','1-959-000-5347x333','1994-08-18 08:37:19','2022-08-31 16:49:43'),(24,'Gaetano','Monahan','eabshire@example.org','495.001.0361','2017-03-21 11:16:50','2018-11-27 16:31:32'),(25,'Devon','Terry','klocko.jamal@example.com','(767)888-8219x5025','2014-09-24 11:53:18','2022-08-31 16:49:43'),(26,'Bradly','Miller','hobart.lynch@example.org','02601104936','1977-01-22 10:12:26','2015-11-29 05:57:59'),(27,'Syble','Okuneva','vluettgen@example.org','058-644-2595','2022-05-03 12:25:23','2022-08-31 16:49:43'),(28,'Hugh','Haley','jacinto60@example.com','+41(8)0005920071','1996-02-28 21:54:02','2022-08-31 16:49:43'),(29,'Maegan','Thompson','lemke.jannie@example.net','(608)718-8219x1267','2008-06-10 17:50:43','2016-08-31 20:04:55'),(30,'Amparo','Lakin','kaden83@example.net','1-520-523-7197x8746','2004-05-15 07:01:01','2022-08-31 16:49:43'),(31,'Katlyn','Herzog','gina.swift@example.net','1-203-993-7097','2008-08-15 17:58:42','2022-08-31 16:49:43'),(32,'Damian','Lemke','nmueller@example.net','618.228.6950x664','1986-10-24 04:27:34','2011-12-23 02:02:16'),(33,'Leatha','Welch','crona.jordan@example.org','1-063-704-0523x785','2003-04-26 05:46:28','2022-08-31 16:49:43'),(34,'Mario','Marvin','tgoodwin@example.com','(866)275-7705','2012-03-15 09:39:19','2022-08-31 16:49:43'),(35,'Coralie','Rolfson','conner13@example.net','797-960-7026','2001-02-04 03:32:30','2022-05-21 19:07:52'),(36,'Cletus','Murazik','fisher.weldon@example.net','349-551-8188x7635','1983-01-17 03:27:29','2000-12-12 00:43:42'),(37,'Judson','McKenzie','marianna26@example.org','1-959-503-9017x5211','1990-09-26 13:44:01','2022-08-31 16:49:43'),(38,'Sonia','Effertz','steuber.grady@example.org','1-901-191-7124x4669','1971-03-04 21:13:43','1992-07-30 20:05:24'),(39,'Jalon','Sawayn','teagan.mraz@example.org','(227)821-9411','1974-02-20 07:12:19','2012-07-27 23:21:41'),(40,'Helen','Runte','dawn81@example.org','(948)529-2058','1987-12-10 00:49:11','2007-06-04 08:12:37'),(41,'Alexane','Emmerich','katlynn.terry@example.org','1-941-730-6355x72109','1986-12-14 19:15:42','2022-08-31 16:49:43'),(42,'Camden','Upton','foster.durgan@example.net','315.065.0574x8428','1972-08-20 17:35:40','1991-08-12 20:51:00'),(43,'Evie','Stroman','katheryn.harris@example.net','07989094830','1974-09-13 00:36:17','2011-02-08 12:45:20'),(44,'Kendra','Veum','maritza.schoen@example.com','249.585.3078','1981-07-07 05:54:38','1983-04-04 01:22:21'),(45,'Murl','Rosenbaum','cartwright.samanta@example.com','1-604-614-0264x89604','1985-01-09 17:56:29','2022-08-31 16:49:43'),(46,'Jevon','Pacocha','botsford.marty@example.com','(655)698-5775','2021-11-13 04:54:54','2022-08-31 16:49:43'),(47,'Deondre','Kohler','smccullough@example.com','(215)503-9006','2015-07-01 11:02:03','2022-08-31 16:49:43'),(48,'Keeley','Kassulke','towne.nikita@example.org','973.289.7495','2015-03-20 12:09:25','2022-08-31 16:49:43'),(49,'Fannie','Corkery','yadira01@example.net','1-109-572-3209x969','2004-01-11 04:33:41','2022-08-31 16:49:43'),(50,'Giovani','Heathcote','miller.christina@example.org','(962)862-9089x5991','1988-06-17 21:36:38','2003-12-06 08:05:53'),(51,'Harvey','Okuneva','eliezer95@example.net','(074)932-1602x346','1994-03-03 01:21:47','2017-01-11 03:16:46'),(52,'Jamel','Daugherty','von.ryan@example.com','1-015-585-7409','1994-07-08 23:09:05','2017-12-25 01:51:39'),(53,'Kamren','Runte','napoleon.jakubowski@example.net','(651)233-4996x00143','1976-08-13 12:40:44','2022-08-31 16:49:43'),(54,'Hans','Becker','ariane.reilly@example.net','(962)308-9376','1984-12-09 05:01:54','1996-05-17 01:48:51'),(55,'Stanton','Lemke','german35@example.org','307-876-9079x0230','2021-12-01 10:40:29','2022-08-31 16:49:43'),(56,'Derek','Ankunding','amari32@example.net','(816)565-7552','1973-11-24 21:02:07','2004-06-07 14:03:14'),(57,'Brook','O\'Reilly','zlemke@example.com','(973)328-6768x574','1977-03-17 10:01:52','1985-06-25 19:15:06'),(58,'Dayana','Klocko','jeffrey22@example.net','(424)829-5524','1996-08-13 10:54:32','2022-08-31 16:49:43'),(59,'Addie','Feil','nathen07@example.net','136-223-3657','1977-11-08 04:05:03','2002-08-23 01:36:08'),(60,'Santina','Graham','scollier@example.com','978.681.9263','2013-01-29 22:10:50','2022-08-31 16:49:43'),(61,'Monserrat','Konopelski','kshlerin.aliyah@example.net','(594)137-1655x1724','2002-01-24 06:32:41','2022-08-31 16:49:43'),(62,'Jared','Heller','cherzog@example.net','1-968-556-8830x83059','1974-04-03 22:01:24','2002-05-27 17:53:24'),(63,'Eula','Morissette','hegmann.jerome@example.com','147.756.2307x0758','1977-09-26 05:35:55','2013-08-07 00:31:10'),(64,'Lempi','Blick','marietta.kunze@example.org','191.353.4374x7860','1980-02-28 04:34:53','2014-03-30 17:28:32'),(65,'Porter','O\'Reilly','austyn87@example.org','(917)031-8612x207','1985-01-17 13:15:19','1997-03-19 23:37:31'),(66,'Mertie','Legros','wiza.kasey@example.com','021-826-9907','2005-02-14 04:39:19','2007-04-14 20:19:36'),(67,'Gerry','Grimes','nyasia.gottlieb@example.com','889-866-3425x26105','1985-08-11 01:01:52','2022-08-31 16:49:43'),(68,'Mathew','Will','carolyn.bradtke@example.com','243.879.7070','1987-09-23 10:58:52','2022-08-31 16:49:43'),(69,'Bethany','Blanda','clifton.welch@example.org','620.477.9277','1998-06-17 11:35:33','2022-08-31 16:49:43'),(70,'Johann','Hahn','freeda.schaden@example.com','190.912.1179x99119','1987-09-16 12:50:46','2001-03-06 13:43:59'),(71,'Stewart','Schamberger','liza.mills@example.net','1-815-650-8892x8294','2007-04-03 04:41:21','2022-08-31 16:49:43'),(72,'Leonie','Cassin','bschulist@example.com','(082)642-5677x928','1974-03-20 08:39:30','1984-06-16 00:50:43'),(73,'Trever','Glover','lela.schoen@example.com','1-417-263-0578','1992-02-09 19:24:16','1996-05-09 05:52:51'),(74,'Carole','Hauck','streich.rosalee@example.org','518.087.1208x3752','1978-10-04 01:32:25','2022-08-31 16:49:43'),(75,'Santina','Rau','agulgowski@example.com','1-933-654-6741x474','1976-06-02 16:38:46','2006-08-22 03:11:23'),(76,'Doug','Anderson','ctorphy@example.org','334.100.5012x43917','1973-05-07 22:50:58','1981-09-22 13:30:46'),(77,'Ford','Davis','jamal53@example.org','1-703-187-8535x875','1984-02-14 19:26:47','2002-02-27 17:09:13'),(78,'Cleta','Smitham','christy.gaylord@example.org','671.215.2961','2006-12-31 05:53:58','2022-08-31 16:49:43'),(79,'Bradley','Sauer','donnelly.kamron@example.net','(048)942-7643x72543','1972-03-14 22:47:41','1985-07-24 11:27:51'),(80,'Maudie','Lesch','adonis94@example.com','924-752-1133x7555','1985-10-21 01:52:59','2022-08-31 16:49:43'),(81,'Citlalli','Schroeder','pmckenzie@example.net','462-400-3995','2016-10-26 11:57:21','2021-09-15 13:37:35'),(82,'Carlee','Franecki','zboncak.nicole@example.net','349-261-1594','2009-10-24 20:48:41','2022-08-31 16:49:43'),(83,'Maria','Ziemann','will.clement@example.net','(530)124-3777x3030','1999-09-16 17:04:04','2019-03-18 11:34:47'),(84,'Vinnie','Gutmann','andreanne08@example.net','(780)163-9493x0737','2012-12-31 20:08:13','2022-08-31 16:49:43'),(85,'Ilene','Pacocha','mckenzie25@example.org','804-490-9734','2021-10-04 23:36:31','2022-08-31 16:49:43'),(86,'Chauncey','McCullough','ohuels@example.net','(051)822-8782x3201','1971-08-06 21:05:37','1977-07-13 23:35:57'),(87,'Margaretta','Ankunding','rodriguez.jodie@example.com','519-404-0460x8001','2017-06-05 00:37:54','2022-08-31 16:49:43'),(88,'Aimee','Langosh','vance61@example.org','1-023-468-8283','1992-11-14 22:01:55','1996-12-29 23:44:21'),(89,'Giovanna','Waelchi','troberts@example.com','1-282-612-1827x7949','1979-06-15 04:35:18','1986-08-09 06:04:40'),(90,'Joshuah','Prosacco','mertz.faye@example.com','+22(0)2214597096','1973-06-23 13:12:21','1996-01-10 08:51:58'),(91,'Eldred','Macejkovic','wilma.ortiz@example.org','02231428804','1971-02-02 22:07:43','2003-12-11 08:17:58'),(92,'Saige','Hilpert','favian35@example.com','01813510734','2016-12-01 15:35:05','2022-08-31 16:49:43'),(93,'Virginie','Turcotte','ines18@example.net','01319555550','1979-11-25 10:48:34','2022-08-31 16:49:43'),(94,'Clementina','Kunde','jenkins.silas@example.org','482-273-2604','2011-05-22 18:53:50','2022-08-31 16:49:43'),(95,'Owen','Kulas','xwiegand@example.net','08839443010','1993-08-05 17:20:30','2022-08-31 16:49:43'),(96,'Geovanni','Runolfsson','oswald63@example.com','(086)004-6190','2010-06-25 11:46:15','2022-08-31 16:49:43'),(97,'Haylee','Hudson','audreanne66@example.org','200-000-9831x62392','1985-09-26 09:28:57','1987-09-15 12:09:19'),(98,'Westley','Kulas','kling.erich@example.com','+44(5)9532311356','2005-11-17 06:49:42','2022-08-31 16:49:43'),(99,'Jessyca','Kertzmann','ondricka.prince@example.com','1-905-426-7751x5858','1977-11-01 11:26:21','2010-03-15 23:50:08'),(100,'Uriel','Lueilwitz','lowell.gottlieb@example.com','717.506.8224x188','1976-12-01 15:08:50','1999-09-22 07:28:58');
/*!40000 ALTER TABLE `users` ENABLE KEYS */;
UNLOCK TABLES;
/*!40103 SET TIME_ZONE=@OLD_TIME_ZONE */;

/*!40101 SET SQL_MODE=@OLD_SQL_MODE */;
/*!40014 SET FOREIGN_KEY_CHECKS=@OLD_FOREIGN_KEY_CHECKS */;
/*!40014 SET UNIQUE_CHECKS=@OLD_UNIQUE_CHECKS */;
/*!40101 SET CHARACTER_SET_CLIENT=@OLD_CHARACTER_SET_CLIENT */;
/*!40101 SET CHARACTER_SET_RESULTS=@OLD_CHARACTER_SET_RESULTS */;
/*!40101 SET COLLATION_CONNECTION=@OLD_COLLATION_CONNECTION */;
/*!40111 SET SQL_NOTES=@OLD_SQL_NOTES */;

-- Dump completed on 2022-09-11 13:04:26
